Classification,Year,Period,Period Desc.,Aggregate Level,Is Leaf Code,Trade Flow Code,Trade Flow,Reporter Code,Reporter,Reporter ISO,Partner Code,Partner,Partner ISO,2nd Partner Code,2nd Partner,2nd Partner ISO,Customs Proc. Code,Customs,Mode of Transport Code,Mode of Transport,Commodity Code,Commodity,Qty Unit Code,Qty Unit,Qty,Alt Qty Unit Code,Alt Qty Unit,Alt Qty,Netweight (kg),Gross weight (kg),Trade Value (US$),CIF Trade Value (US$),FOB Trade Value (US$),Flag
HS,2017,201704,April 2017,6,1,2,Exports,826,United Kingdom,,410,Rep. of Korea,,,,,,,,,950611,Skis; for snow,0,,,,,,647,,64450,,,0
HS,2017,201704,April 2017,6,1,2,Exports,826,United Kingdom,,376,Israel,,,,,,,,,950611,Skis; for snow,0,,,,,,12,,1136,,,0
HS,2017,201704,April 2017,6,1,2,Exports,826,United Kingdom,,579,Norway,,,,,,,,,950611,Skis; for snow,0,,,,,,2,,1210,,,0
HS,2017,201701,January 2017,6,1,2,Exports,826,United Kingdom,,246,Finland,,,,,,,,,950611,Skis; for snow,0,,,,,,1,,1,,,0
HS,2017,201701,January 2017,6,1,2,Exports,826,United Kingdom,,191,Croatia,,,,,,,,,950611,Skis; for snow,0,,,,,,3,,38,,,0
HS,2017,201701,January 2017,6,1,2,Exports,826,United Kingdom,,203,Czech Rep.,,,,,,,,,950611,Skis; for snow,0,,,,,,9,,71,,,0
HS,2017,201701,January 2017,6,1,2,Exports,826,United Kingdom,,208,Denmark,,,,,,,,,950611,Skis; for snow,0,,,,,,13,,764,,,0
HS,2017,201701,January 2017,6,1,2,Exports,826,United Kingdom,,40,Austria,,,,,,,,,950611,Skis; for snow,0,,,,,,45,,1848,,,0
HS,2017,201701,January 2017,6,1,2,Exports,826,United Kingdom,,442,Luxembourg,,,,,,,,,950611,Skis; for snow,0,,,,,,1,,171,,,0
HS,2017,201701,January 2017,6,1,2,Exports,826,United Kingdom,,616,Poland,,,,,,,,,950611,Skis; for snow,0,,,,,,28,,2604,,,0
HS,2017,201701,January 2017,6,1,2,Exports,826,United Kingdom,,620,Portugal,,,,,,,,,950611,Skis; for snow,0,,,,,,1,,20,,,0
HS,2017,201712,December 2017,6,1,1,Imports,826,United Kingdom,,0,World,,,,,,,,,950611,Skis; for snow,0,,,,,,50361,,987763,,,0
HS,2017,201712,December 2017,6,1,1,Imports,826,United Kingdom,,251,France,,,,,,,,,950611,Skis; for snow,0,,,,,,27427,,655510,,,0
HS,2017,201701,January 2017,6,1,2,Exports,826,United Kingdom,,10,Antarctica,,,,,,,,,950611,Skis; for snow,0,,,,,,540,,7435,,,0
HS,2017,201701,January 2017,6,1,2,Exports,826,United Kingdom,,352,Iceland,,,,,,,,,950611,Skis; for snow,0,,,,,,32,,2306,,,0
HS,2017,201701,January 2017,6,1,2,Exports,826,United Kingdom,,710,South Africa,,,,,,,,,950611,Skis; for snow,0,,,,,,57,,1897,,,0
HS,2017,201701,January 2017,6,1,2,Exports,826,United Kingdom,,404,Kenya,,,,,,,,,950611,Skis; for snow,0,,,,,,4000,,1021,,,0
HS,2017,201701,January 2017,6,1,2,Exports,826,United Kingdom,,757,Switzerland,,,,,,,,,950611,Skis; for snow,0,,,,,,181,,12157,,,0
HS,2017,201701,January 2017,6,1,2,Exports,826,United Kingdom,,784,United Arab Emirates,,,,,,,,,950611,Skis; for snow,0,,,,,,811,,53665,,,0
HS,2017,201701,January 2017,6,1,2,Exports,826,United Kingdom,,528,Netherlands,,,,,,,,,950611,Skis; for snow,0,,,,,,2,,97,,,0
HS,2017,201712,December 2017,6,1,1,Imports,826,United Kingdom,,40,Austria,,,,,,,,,950611,Skis; for snow,0,,,,,,4622,,220317,,,0
HS,2017,201712,December 2017,6,1,1,Imports,826,United Kingdom,,56,Belgium,,,,,,,,,950611,Skis; for snow,0,,,,,,872,,24791,,,0
HS,2017,201712,December 2017,6,1,1,Imports,826,United Kingdom,,276,Germany,,,,,,,,,950611,Skis; for snow,0,,,,,,892,,22863,,,0
HS,2017,201712,December 2017,6,1,1,Imports,826,United Kingdom,,616,Poland,,,,,,,,,950611,Skis; for snow,0,,,,,,70,,4457,,,0
HS,2017,201712,December 2017,6,1,1,Imports,826,United Kingdom,,724,Spain,,,,,,,,,950611,Skis; for snow,0,,,,,,432,,13261,,,0
HS,2017,201701,January 2017,6,1,2,Exports,826,United Kingdom,,579,Norway,,,,,,,,,950611,Skis; for snow,0,,,,,,75,,34259,,,0
HS,2017,201705,May 2017,6,1,1,Imports,826,United Kingdom,,203,Czech Rep.,,,,,,,,,950611,Skis; for snow,0,,,,,,5,,122,,,0
HS,2017,201705,May 2017,6,1,1,Imports,826,United Kingdom,,616,Poland,,,,,,,,,950611,Skis; for snow,0,,,,,,9,,334,,,0
HS,2017,201701,January 2017,6,1,2,Exports,826,United Kingdom,,392,Japan,,,,,,,,,950611,Skis; for snow,0,,,,,,1,,2028,,,0
HS,2017,201701,January 2017,6,1,2,Exports,826,United Kingdom,,410,Rep. of Korea,,,,,,,,,950611,Skis; for snow,0,,,,,,239,,27834,,,0
HS,2017,201701,January 2017,6,1,2,Exports,826,United Kingdom,,554,New Zealand,,,,,,,,,950611,Skis; for snow,0,,,,,,3,,1229,,,0
HS,2017,201701,January 2017,6,1,2,Exports,826,United Kingdom,,300,Greece,,,,,,,,,950611,Skis; for snow,0,,,,,,4,,48,,,0
HS,2017,201701,January 2017,6,1,2,Exports,826,United Kingdom,,270,Gambia,,,,,,,,,950611,Skis; for snow,0,,,,,,2000,,2458,,,0
HS,2017,201701,January 2017,6,1,2,Exports,826,United Kingdom,,196,Cyprus,,,,,,,,,950611,Skis; for snow,0,,,,,,6,,85,,,0
HS,2017,201701,January 2017,6,1,2,Exports,826,United Kingdom,,100,Bulgaria,,,,,,,,,950611,Skis; for snow,0,,,,,,3,,160,,,0
HS,2017,201701,January 2017,6,1,2,Exports,826,United Kingdom,,124,Canada,,,,,,,,,950611,Skis; for snow,0,,,,,,12,,2335,,,0
HS,2017,201701,January 2017,6,1,2,Exports,826,United Kingdom,,470,Malta,,,,,,,,,950611,Skis; for snow,0,,,,,,6,,28,,,0
HS,2017,201701,January 2017,6,1,2,Exports,826,United Kingdom,,752,Sweden,,,,,,,,,950611,Skis; for snow,0,,,,,,3,,726,,,0
HS,2017,201709,September 2017,6,1,2,Exports,826,United Kingdom,,203,Czech Rep.,,,,,,,,,950611,Skis; for snow,0,,,,,,25,,492,,,0
HS,2017,201709,September 2017,6,1,2,Exports,826,United Kingdom,,616,Poland,,,,,,,,,950611,Skis; for snow,0,,,,,,25,,297,,,0
HS,2017,201705,May 2017,6,1,2,Exports,826,United Kingdom,,616,Poland,,,,,,,,,950611,Skis; for snow,0,,,,,,14,,437,,,0
HS,2017,201705,May 2017,6,1,2,Exports,826,United Kingdom,,381,Italy,,,,,,,,,950611,Skis; for snow,0,,,,,,37,,1360,,,0
HS,2017,201705,May 2017,6,1,2,Exports,826,United Kingdom,,752,Sweden,,,,,,,,,950611,Skis; for snow,0,,,,,,6,,676,,,0
HS,2017,201705,May 2017,6,1,2,Exports,826,United Kingdom,,276,Germany,,,,,,,,,950611,Skis; for snow,0,,,,,,47,,1405,,,0
HS,2017,201711,November 2017,6,1,2,Exports,826,United Kingdom,,752,Sweden,,,,,,,,,950611,Skis; for snow,0,,,,,,11,,218,,,0
HS,2017,201711,November 2017,6,1,2,Exports,826,United Kingdom,,757,Switzerland,,,,,,,,,950611,Skis; for snow,0,,,,,,26,,2265,,,0
HS,2017,201712,December 2017,6,1,2,Exports,826,United Kingdom,,0,World,,,,,,,,,950611,Skis; for snow,0,,,,,,2990,,170306,,,0
HS,2017,201712,December 2017,6,1,2,Exports,826,United Kingdom,,251,France,,,,,,,,,950611,Skis; for snow,0,,,,,,58,,3565,,,0
HS,2017,201712,December 2017,6,1,2,Exports,826,United Kingdom,,344,"China, Hong Kong SAR",,,,,,,,,950611,Skis; for snow,0,,,,,,47,,9655,,,0
HS,2017,201712,December 2017,6,1,2,Exports,826,United Kingdom,,352,Iceland,,,,,,,,,950611,Skis; for snow,0,,,,,,234,,8802,,,0
HS,2017,201712,December 2017,6,1,2,Exports,826,United Kingdom,,724,Spain,,,,,,,,,950611,Skis; for snow,0,,,,,,54,,3129,,,0
HS,2017,201712,December 2017,6,1,2,Exports,826,United Kingdom,,842,United States of America,,,,,,,,,950611,Skis; for snow,0,,,,,,441,,42716,,,0
HS,2017,201712,December 2017,6,1,2,Exports,826,United Kingdom,,616,Poland,,,,,,,,,950611,Skis; for snow,0,,,,,,51,,1048,,,0
HS,2017,201712,December 2017,6,1,2,Exports,826,United Kingdom,,381,Italy,,,,,,,,,950611,Skis; for snow,0,,,,,,23,,970,,,0
HS,2017,201712,December 2017,6,1,2,Exports,826,United Kingdom,,392,Japan,,,,,,,,,950611,Skis; for snow,0,,,,,,141,,10316,,,0
HS,2017,201712,December 2017,6,1,2,Exports,826,United Kingdom,,276,Germany,,,,,,,,,950611,Skis; for snow,0,,,,,,49,,1086,,,0
HS,2017,201712,December 2017,6,1,2,Exports,826,United Kingdom,,528,Netherlands,,,,,,,,,950611,Skis; for snow,0,,,,,,31,,1149,,,0
HS,2017,201712,December 2017,6,1,2,Exports,826,United Kingdom,,554,New Zealand,,,,,,,,,950611,Skis; for snow,0,,,,,,26,,5228,,,0
HS,2017,201707,July 2017,6,1,2,Exports,826,United Kingdom,,0,World,,,,,,,,,950611,Skis; for snow,0,,,,,,23576,,208113,,,0
HS,2017,201707,July 2017,6,1,2,Exports,826,United Kingdom,,251,France,,,,,,,,,950611,Skis; for snow,0,,,,,,262,,3406,,,0
HS,2017,201707,July 2017,6,1,2,Exports,826,United Kingdom,,372,Ireland,,,,,,,,,950611,Skis; for snow,0,,,,,,206,,3442,,,0
HS,2017,201707,July 2017,6,1,2,Exports,826,United Kingdom,,620,Portugal,,,,,,,,,950611,Skis; for snow,0,,,,,,11,,116,,,0
HS,2017,201707,July 2017,6,1,2,Exports,826,United Kingdom,,442,Luxembourg,,,,,,,,,950611,Skis; for snow,0,,,,,,5,,134,,,0
HS,2017,201707,July 2017,6,1,2,Exports,826,United Kingdom,,246,Finland,,,,,,,,,950611,Skis; for snow,0,,,,,,4,,65,,,0
HS,2017,201707,July 2017,6,1,2,Exports,826,United Kingdom,,292,Gibraltar,,,,,,,,,950611,Skis; for snow,0,,,,,,100,,11555,,,0
HS,2017,201707,July 2017,6,1,2,Exports,826,United Kingdom,,156,China,,,,,,,,,950611,Skis; for snow,0,,,,,,175,,1299,,,0
HS,2017,201707,July 2017,6,1,2,Exports,826,United Kingdom,,566,Nigeria,,,,,,,,,950611,Skis; for snow,0,,,,,,3000,,390,,,0
HS,2017,201707,July 2017,6,1,2,Exports,826,United Kingdom,,579,Norway,,,,,,,,,950611,Skis; for snow,0,,,,,,39,,1273,,,0
HS,2017,201707,July 2017,6,1,2,Exports,826,United Kingdom,,757,Switzerland,,,,,,,,,950611,Skis; for snow,0,,,,,,16,,1850,,,0
HS,2017,201707,July 2017,6,1,2,Exports,826,United Kingdom,,780,Trinidad and Tobago,,,,,,,,,950611,Skis; for snow,0,,,,,,52,,1299,,,0
HS,2017,201707,July 2017,6,1,2,Exports,826,United Kingdom,,784,United Arab Emirates,,,,,,,,,950611,Skis; for snow,0,,,,,,120,,1948,,,0
HS,2017,201702,February 2017,6,1,2,Exports,826,United Kingdom,,0,World,,,,,,,,,950611,Skis; for snow,0,,,,,,17429,,138589,,,0
HS,2017,201702,February 2017,6,1,2,Exports,826,United Kingdom,,40,Austria,,,,,,,,,950611,Skis; for snow,0,,,,,,9,,350,,,0
HS,2017,201702,February 2017,6,1,2,Exports,826,United Kingdom,,251,France,,,,,,,,,950611,Skis; for snow,0,,,,,,464,,10673,,,0
HS,2017,201702,February 2017,6,1,2,Exports,826,United Kingdom,,276,Germany,,,,,,,,,950611,Skis; for snow,0,,,,,,105,,5019,,,0
HS,2017,201702,February 2017,6,1,2,Exports,826,United Kingdom,,381,Italy,,,,,,,,,950611,Skis; for snow,0,,,,,,36,,1457,,,0
HS,2017,201702,February 2017,6,1,2,Exports,826,United Kingdom,,372,Ireland,,,,,,,,,950611,Skis; for snow,0,,,,,,104,,7548,,,0
HS,2017,201702,February 2017,6,1,2,Exports,826,United Kingdom,,724,Spain,,,,,,,,,950611,Skis; for snow,0,,,,,,162,,2336,,,0
HS,2017,201702,February 2017,6,1,2,Exports,826,United Kingdom,,842,United States of America,,,,,,,,,950611,Skis; for snow,0,,,,,,699,,35265,,,0
HS,2017,201702,February 2017,6,1,2,Exports,826,United Kingdom,,376,Israel,,,,,,,,,950611,Skis; for snow,0,,,,,,183,,1457,,,0
HS,2017,201705,May 2017,6,1,2,Exports,826,United Kingdom,,528,Netherlands,,,,,,,,,950611,Skis; for snow,0,,,,,,13,,402,,,0
HS,2017,201705,May 2017,6,1,2,Exports,826,United Kingdom,,842,United States of America,,,,,,,,,950611,Skis; for snow,0,,,,,,363,,34616,,,0
HS,2017,201705,May 2017,6,1,2,Exports,826,United Kingdom,,724,Spain,,,,,,,,,950611,Skis; for snow,0,,,,,,34,,613,,,0
HS,2017,201705,May 2017,6,1,2,Exports,826,United Kingdom,,372,Ireland,,,,,,,,,950611,Skis; for snow,0,,,,,,294,,34632,,,0
HS,2017,201705,May 2017,6,1,2,Exports,826,United Kingdom,,246,Finland,,,,,,,,,950611,Skis; for snow,0,,,,,,13,,59,,,0
HS,2017,201705,May 2017,6,1,2,Exports,826,United Kingdom,,251,France,,,,,,,,,950611,Skis; for snow,0,,,,,,98,,2984,,,0
HS,2017,201705,May 2017,6,1,2,Exports,826,United Kingdom,,0,World,,,,,,,,,950611,Skis; for snow,0,,,,,,18614,,248122,,,0
HS,2017,201702,February 2017,6,1,2,Exports,826,United Kingdom,,470,Malta,,,,,,,,,950611,Skis; for snow,0,,,,,,6,,14,,,0
HS,2017,201702,February 2017,6,1,2,Exports,826,United Kingdom,,203,Czech Rep.,,,,,,,,,950611,Skis; for snow,0,,,,,,5,,112,,,0
HS,2017,201702,February 2017,6,1,2,Exports,826,United Kingdom,,208,Denmark,,,,,,,,,950611,Skis; for snow,0,,,,,,13,,956,,,0
HS,2017,201702,February 2017,6,1,2,Exports,826,United Kingdom,,246,Finland,,,,,,,,,950611,Skis; for snow,0,,,,,,6,,12,,,0
HS,2017,201702,February 2017,6,1,2,Exports,826,United Kingdom,,752,Sweden,,,,,,,,,950611,Skis; for snow,0,,,,,,12,,549,,,0
HS,2017,201702,February 2017,6,1,2,Exports,826,United Kingdom,,528,Netherlands,,,,,,,,,950611,Skis; for snow,0,,,,,,7,,397,,,0
HS,2017,201702,February 2017,6,1,2,Exports,826,United Kingdom,,554,New Zealand,,,,,,,,,950611,Skis; for snow,0,,,,,,29,,2920,,,0
HS,2017,201702,February 2017,6,1,2,Exports,826,United Kingdom,,616,Poland,,,,,,,,,950611,Skis; for snow,0,,,,,,11,,318,,,0
HS,2017,201702,February 2017,6,1,2,Exports,826,United Kingdom,,620,Portugal,,,,,,,,,950611,Skis; for snow,0,,,,,,1,,51,,,0
HS,2017,201702,February 2017,6,1,2,Exports,826,United Kingdom,,642,Romania,,,,,,,,,950611,Skis; for snow,0,,,,,,11,,378,,,0
HS,2017,201703,March 2017,6,1,1,Imports,826,United Kingdom,,203,Czech Rep.,,,,,,,,,950611,Skis; for snow,0,,,,,,48,,2216,,,0
HS,2017,201703,March 2017,6,1,1,Imports,826,United Kingdom,,372,Ireland,,,,,,,,,950611,Skis; for snow,0,,,,,,2,,70,,,0
HS,2017,201703,March 2017,6,1,1,Imports,826,United Kingdom,,528,Netherlands,,,,,,,,,950611,Skis; for snow,0,,,,,,34,,2171,,,0
HS,2017,201703,March 2017,6,1,1,Imports,826,United Kingdom,,616,Poland,,,,,,,,,950611,Skis; for snow,0,,,,,,53,,2589,,,0
HS,2017,201705,May 2017,6,1,2,Exports,826,United Kingdom,,203,Czech Rep.,,,,,,,,,950611,Skis; for snow,0,,,,,,2,,3,,,0
HS,2017,201705,May 2017,6,1,2,Exports,826,United Kingdom,,579,Norway,,,,,,,,,950611,Skis; for snow,0,,,,,,205,,5114,,,0
HS,2017,201705,May 2017,6,1,2,Exports,826,United Kingdom,,428,Latvia,,,,,,,,,950611,Skis; for snow,0,,,,,,2,,3,,,0
HS,2017,201705,May 2017,6,1,2,Exports,826,United Kingdom,,620,Portugal,,,,,,,,,950611,Skis; for snow,0,,,,,,14,,278,,,0
HS,2017,201705,May 2017,6,1,2,Exports,826,United Kingdom,,208,Denmark,,,,,,,,,950611,Skis; for snow,0,,,,,,5,,328,,,0
HS,2017,201701,January 2017,6,1,1,Imports,826,United Kingdom,,124,Canada,,,,,,,,,950611,Skis; for snow,0,,,,,,1000,,3487,,,0
HS,2017,201701,January 2017,6,1,1,Imports,826,United Kingdom,,842,United States of America,,,,,,,,,950611,Skis; for snow,0,,,,,,32,,1272,,,0
HS,2017,201705,May 2017,6,1,2,Exports,826,United Kingdom,,36,Australia,,,,,,,,,950611,Skis; for snow,0,,,,,,470,,19568,,,0
HS,2017,201705,May 2017,6,1,2,Exports,826,United Kingdom,,642,Romania,,,,,,,,,950611,Skis; for snow,0,,,,,,11,,10,,,0
HS,2017,201705,May 2017,6,1,2,Exports,826,United Kingdom,,404,Kenya,,,,,,,,,950611,Skis; for snow,0,,,,,,2433,,31722,,,0
HS,2017,201705,May 2017,6,1,2,Exports,826,United Kingdom,,56,Belgium,,,,,,,,,950611,Skis; for snow,0,,,,,,1935,,5997,,,0
HS,2017,201705,May 2017,6,1,2,Exports,826,United Kingdom,,72,Botswana,,,,,,,,,950611,Skis; for snow,0,,,,,,7,,3232,,,0
HS,2017,201705,May 2017,6,1,2,Exports,826,United Kingdom,,376,Israel,,,,,,,,,950611,Skis; for snow,0,,,,,,250,,2715,,,0
HS,2017,201705,May 2017,6,1,2,Exports,826,United Kingdom,,288,Ghana,,,,,,,,,950611,Skis; for snow,0,,,,,,10000,,10344,,,0
HS,2017,201705,May 2017,6,1,2,Exports,826,United Kingdom,,757,Switzerland,,,,,,,,,950611,Skis; for snow,0,,,,,,38,,5310,,,0
HS,2017,201705,May 2017,6,1,2,Exports,826,United Kingdom,,834,United Rep. of Tanzania,,,,,,,,,950611,Skis; for snow,0,,,,,,1900,,2457,,,0
HS,2017,201705,May 2017,6,1,2,Exports,826,United Kingdom,,634,Qatar,,,,,,,,,950611,Skis; for snow,0,,,,,,250,,3116,,,0
HS,2017,201705,May 2017,6,1,2,Exports,826,United Kingdom,,344,"China, Hong Kong SAR",,,,,,,,,950611,Skis; for snow,0,,,,,,142,,78145,,,0
HS,2017,201705,May 2017,6,1,2,Exports,826,United Kingdom,,124,Canada,,,,,,,,,950611,Skis; for snow,0,,,,,,31,,2595,,,0
HS,2017,201703,March 2017,6,1,2,Exports,826,United Kingdom,,616,Poland,,,,,,,,,950611,Skis; for snow,0,,,,,,10,,633,,,0
HS,2017,201703,March 2017,6,1,2,Exports,826,United Kingdom,,246,Finland,,,,,,,,,950611,Skis; for snow,0,,,,,,1,,224,,,0
HS,2017,201701,January 2017,6,1,1,Imports,826,United Kingdom,,757,Switzerland,,,,,,,,,950611,Skis; for snow,0,,,,,,5,,1152,,,0
HS,2017,201701,January 2017,6,1,1,Imports,826,United Kingdom,,616,Poland,,,,,,,,,950611,Skis; for snow,0,,,,,,103,,4870,,,0
HS,2017,201701,January 2017,6,1,1,Imports,826,United Kingdom,,528,Netherlands,,,,,,,,,950611,Skis; for snow,0,,,,,,49,,3139,,,0
HS,2017,201701,January 2017,6,1,1,Imports,826,United Kingdom,,428,Latvia,,,,,,,,,950611,Skis; for snow,0,,,,,,2,,74,,,0
HS,2017,201701,January 2017,6,1,1,Imports,826,United Kingdom,,442,Luxembourg,,,,,,,,,950611,Skis; for snow,0,,,,,,3,,52,,,0
HS,2017,201711,November 2017,6,1,1,Imports,826,United Kingdom,,0,World,,,,,,,,,950611,Skis; for snow,0,,,,,,36566,,1512054,,,0
HS,2017,201703,March 2017,6,1,2,Exports,826,United Kingdom,,300,Greece,,,,,,,,,950611,Skis; for snow,0,,,,,,1,,22,,,0
HS,2017,201703,March 2017,6,1,2,Exports,826,United Kingdom,,203,Czech Rep.,,,,,,,,,950611,Skis; for snow,0,,,,,,3,,79,,,0
HS,2017,201703,March 2017,6,1,2,Exports,826,United Kingdom,,414,Kuwait,,,,,,,,,950611,Skis; for snow,0,,,,,,3,,1185,,,0
HS,2017,201711,November 2017,6,1,1,Imports,826,United Kingdom,,251,France,,,,,,,,,950611,Skis; for snow,0,,,,,,17141,,870102,,,0
HS,2017,201711,November 2017,6,1,1,Imports,826,United Kingdom,,276,Germany,,,,,,,,,950611,Skis; for snow,0,,,,,,1545,,41329,,,0
HS,2017,201711,November 2017,6,1,1,Imports,826,United Kingdom,,528,Netherlands,,,,,,,,,950611,Skis; for snow,0,,,,,,1242,,42209,,,0
HS,2017,201711,November 2017,6,1,1,Imports,826,United Kingdom,,788,Tunisia,,,,,,,,,950611,Skis; for snow,0,,,,,,381,,14666,,,0
HS,2017,201711,November 2017,6,1,1,Imports,826,United Kingdom,,724,Spain,,,,,,,,,950611,Skis; for snow,0,,,,,,287,,9768,,,0
HS,2017,201711,November 2017,6,1,1,Imports,826,United Kingdom,,381,Italy,,,,,,,,,950611,Skis; for snow,0,,,,,,359,,22718,,,0
HS,2017,201711,November 2017,6,1,1,Imports,826,United Kingdom,,156,China,,,,,,,,,950611,Skis; for snow,0,,,,,,3014,,8526,,,0
HS,2017,201711,November 2017,6,1,1,Imports,826,United Kingdom,,40,Austria,,,,,,,,,950611,Skis; for snow,0,,,,,,10774,,453677,,,0
HS,2017,201711,November 2017,6,1,1,Imports,826,United Kingdom,,56,Belgium,,,,,,,,,950611,Skis; for snow,0,,,,,,464,,19889,,,0
HS,2017,201711,November 2017,6,1,1,Imports,826,United Kingdom,,579,Norway,,,,,,,,,950611,Skis; for snow,0,,,,,,1,,8075,,,0
HS,2017,201711,November 2017,6,1,1,Imports,826,United Kingdom,,826,United Kingdom,,,,,,,,,950611,Skis; for snow,0,,,,,,65,,1321,,,0
HS,2017,201711,November 2017,6,1,1,Imports,826,United Kingdom,,842,United States of America,,,,,,,,,950611,Skis; for snow,0,,,,,,95,,4315,,,0
HS,2017,201711,November 2017,6,1,1,Imports,826,United Kingdom,,699,India,,,,,,,,,950611,Skis; for snow,0,,,,,,1165,,13690,,,0
HS,2017,201711,November 2017,6,1,1,Imports,826,United Kingdom,,36,Australia,,,,,,,,,950611,Skis; for snow,0,,,,,,26,,1573,,,0
HS,2017,201711,November 2017,6,1,1,Imports,826,United Kingdom,,752,Sweden,,,,,,,,,950611,Skis; for snow,0,,,,,,1,,32,,,0
HS,2017,201711,November 2017,6,1,1,Imports,826,United Kingdom,,616,Poland,,,,,,,,,950611,Skis; for snow,0,,,,,,6,,165,,,0
HS,2017,201705,May 2017,6,1,1,Imports,826,United Kingdom,,40,Austria,,,,,,,,,950611,Skis; for snow,0,,,,,,5222,,188731,,,0
HS,2017,201705,May 2017,6,1,1,Imports,826,United Kingdom,,381,Italy,,,,,,,,,950611,Skis; for snow,0,,,,,,28,,1923,,,0
HS,2017,201705,May 2017,6,1,1,Imports,826,United Kingdom,,276,Germany,,,,,,,,,950611,Skis; for snow,0,,,,,,26,,414,,,0
HS,2017,201705,May 2017,6,1,1,Imports,826,United Kingdom,,724,Spain,,,,,,,,,950611,Skis; for snow,0,,,,,,10,,59,,,0
HS,2017,201701,January 2017,6,1,1,Imports,826,United Kingdom,,40,Austria,,,,,,,,,950611,Skis; for snow,0,,,,,,4457,,143270,,,0
HS,2017,201701,January 2017,6,1,1,Imports,826,United Kingdom,,381,Italy,,,,,,,,,950611,Skis; for snow,0,,,,,,58,,3595,,,0
HS,2017,201701,January 2017,6,1,1,Imports,826,United Kingdom,,724,Spain,,,,,,,,,950611,Skis; for snow,0,,,,,,52,,2282,,,0
HS,2017,201701,January 2017,6,1,1,Imports,826,United Kingdom,,788,Tunisia,,,,,,,,,950611,Skis; for snow,0,,,,,,275,,15787,,,0
HS,2017,201701,January 2017,6,1,1,Imports,826,United Kingdom,,156,China,,,,,,,,,950611,Skis; for snow,0,,,,,,2689,,56032,,,0
HS,2017,201701,January 2017,6,1,1,Imports,826,United Kingdom,,203,Czech Rep.,,,,,,,,,950611,Skis; for snow,0,,,,,,118,,5084,,,0
HS,2017,201701,January 2017,6,1,1,Imports,826,United Kingdom,,276,Germany,,,,,,,,,950611,Skis; for snow,0,,,,,,566,,17987,,,0
HS,2017,201701,January 2017,6,1,1,Imports,826,United Kingdom,,56,Belgium,,,,,,,,,950611,Skis; for snow,0,,,,,,766,,34290,,,0
HS,2017,201701,January 2017,6,1,1,Imports,826,United Kingdom,,251,France,,,,,,,,,950611,Skis; for snow,0,,,,,,11944,,564596,,,0
HS,2017,201701,January 2017,6,1,1,Imports,826,United Kingdom,,0,World,,,,,,,,,950611,Skis; for snow,0,,,,,,22119,,856966,,,0
HS,2017,201705,May 2017,6,1,1,Imports,826,United Kingdom,,699,India,,,,,,,,,950611,Skis; for snow,0,,,,,,110,,1151,,,0
HS,2017,201712,December 2017,6,1,1,Imports,826,United Kingdom,,156,China,,,,,,,,,950611,Skis; for snow,0,,,,,,15452,,2734,,,0
HS,2017,201712,December 2017,6,1,1,Imports,826,United Kingdom,,381,Italy,,,,,,,,,950611,Skis; for snow,0,,,,,,129,,7797,,,0
HS,2017,201712,December 2017,6,1,1,Imports,826,United Kingdom,,528,Netherlands,,,,,,,,,950611,Skis; for snow,0,,,,,,312,,20893,,,0
HS,2017,201712,December 2017,6,1,1,Imports,826,United Kingdom,,842,United States of America,,,,,,,,,950611,Skis; for snow,0,,,,,,120,,12538,,,0
HS,2017,201712,December 2017,6,1,1,Imports,826,United Kingdom,,752,Sweden,,,,,,,,,950611,Skis; for snow,0,,,,,,19,,64,,,0
HS,2017,201705,May 2017,6,1,1,Imports,826,United Kingdom,,490,"Other Asia, nes",,,,,,,,,950611,Skis; for snow,0,,,,,,309,,7217,,,0
HS,2017,201705,May 2017,6,1,1,Imports,826,United Kingdom,,56,Belgium,,,,,,,,,950611,Skis; for snow,0,,,,,,107,,1782,,,0
HS,2017,201701,January 2017,6,1,2,Exports,826,United Kingdom,,251,France,,,,,,,,,950611,Skis; for snow,0,,,,,,54,,3074,,,0
HS,2017,201701,January 2017,6,1,2,Exports,826,United Kingdom,,276,Germany,,,,,,,,,950611,Skis; for snow,0,,,,,,229,,9385,,,0
HS,2017,201701,January 2017,6,1,2,Exports,826,United Kingdom,,344,"China, Hong Kong SAR",,,,,,,,,950611,Skis; for snow,0,,,,,,61,,12092,,,0
HS,2017,201701,January 2017,6,1,2,Exports,826,United Kingdom,,372,Ireland,,,,,,,,,950611,Skis; for snow,0,,,,,,192,,10435,,,0
HS,2017,201701,January 2017,6,1,2,Exports,826,United Kingdom,,381,Italy,,,,,,,,,950611,Skis; for snow,0,,,,,,1188,,2282,,,0
HS,2017,201701,January 2017,6,1,2,Exports,826,United Kingdom,,724,Spain,,,,,,,,,950611,Skis; for snow,0,,,,,,62,,3269,,,0
HS,2017,201701,January 2017,6,1,2,Exports,826,United Kingdom,,842,United States of America,,,,,,,,,950611,Skis; for snow,0,,,,,,346,,65777,,,0
HS,2017,201701,January 2017,6,1,2,Exports,826,United Kingdom,,0,World,,,,,,,,,950611,Skis; for snow,0,,,,,,10307,,266070,,,0
HS,2017,201701,January 2017,6,1,2,Exports,826,United Kingdom,,56,Belgium,,,,,,,,,950611,Skis; for snow,0,,,,,,18,,456,,,0
HS,2017,201701,January 2017,6,1,2,Exports,826,United Kingdom,,36,Australia,,,,,,,,,950611,Skis; for snow,0,,,,,,81,,4014,,,0
HS,2017,201712,December 2017,6,1,1,Imports,826,United Kingdom,,124,Canada,,,,,,,,,950611,Skis; for snow,0,,,,,,14,,2537,,,0
HS,2017,201705,May 2017,6,1,1,Imports,826,United Kingdom,,251,France,,,,,,,,,950611,Skis; for snow,0,,,,,,1567,,85652,,,0
HS,2017,201711,November 2017,6,1,2,Exports,826,United Kingdom,,410,Rep. of Korea,,,,,,,,,950611,Skis; for snow,0,,,,,,244,,17368,,,0
HS,2017,201711,November 2017,6,1,2,Exports,826,United Kingdom,,414,Kuwait,,,,,,,,,950611,Skis; for snow,0,,,,,,7,,2113,,,0
HS,2017,201711,November 2017,6,1,2,Exports,826,United Kingdom,,428,Latvia,,,,,,,,,950611,Skis; for snow,0,,,,,,10,,26,,,0
HS,2017,201711,November 2017,6,1,2,Exports,826,United Kingdom,,470,Malta,,,,,,,,,950611,Skis; for snow,0,,,,,,31,,22,,,0
HS,2017,201711,November 2017,6,1,2,Exports,826,United Kingdom,,490,"Other Asia, nes",,,,,,,,,950611,Skis; for snow,0,,,,,,17,,1580,,,0
HS,2017,201711,November 2017,6,1,2,Exports,826,United Kingdom,,579,Norway,,,,,,,,,950611,Skis; for snow,0,,,,,,1,,1239,,,0
HS,2017,201711,November 2017,6,1,2,Exports,826,United Kingdom,,818,Egypt,,,,,,,,,950611,Skis; for snow,0,,,,,,16,,2384,,,0
HS,2017,201711,November 2017,6,1,2,Exports,826,United Kingdom,,784,United Arab Emirates,,,,,,,,,950611,Skis; for snow,0,,,,,,248,,9383,,,0
HS,2017,201711,November 2017,6,1,2,Exports,826,United Kingdom,,376,Israel,,,,,,,,,950611,Skis; for snow,0,,,,,,181,,7656,,,0
HS,2017,201711,November 2017,6,1,2,Exports,826,United Kingdom,,292,Gibraltar,,,,,,,,,950611,Skis; for snow,0,,,,,,20,,4295,,,0
HS,2017,201711,November 2017,6,1,2,Exports,826,United Kingdom,,352,Iceland,,,,,,,,,950611,Skis; for snow,0,,,,,,255,,20768,,,0
HS,2017,201711,November 2017,6,1,2,Exports,826,United Kingdom,,634,Qatar,,,,,,,,,950611,Skis; for snow,0,,,,,,173,,4589,,,0
HS,2017,201711,November 2017,6,1,2,Exports,826,United Kingdom,,688,Serbia,,,,,,,,,950611,Skis; for snow,0,,,,,,110,,1866,,,0
HS,2017,201705,May 2017,6,1,1,Imports,826,United Kingdom,,0,World,,,,,,,,,950611,Skis; for snow,0,,,,,,7393,,287384,,,0
HS,2017,201711,November 2017,6,1,2,Exports,826,United Kingdom,,28,Antigua and Barbuda,,,,,,,,,950611,Skis; for snow,0,,,,,,104,,1321,,,0
HS,2017,201711,November 2017,6,1,2,Exports,826,United Kingdom,,156,China,,,,,,,,,950611,Skis; for snow,0,,,,,,107,,3926,,,0
HS,2017,201711,November 2017,6,1,2,Exports,826,United Kingdom,,100,Bulgaria,,,,,,,,,950611,Skis; for snow,0,,,,,,60,,45,,,0
HS,2017,201711,November 2017,6,1,2,Exports,826,United Kingdom,,392,Japan,,,,,,,,,950611,Skis; for snow,0,,,,,,187,,4422,,,0
HS,2017,201712,December 2017,6,1,2,Exports,826,United Kingdom,,36,Australia,,,,,,,,,950611,Skis; for snow,0,,,,,,41,,1340,,,0
HS,2017,201712,December 2017,6,1,2,Exports,826,United Kingdom,,124,Canada,,,,,,,,,950611,Skis; for snow,0,,,,,,9,,1793,,,0
HS,2017,201712,December 2017,6,1,2,Exports,826,United Kingdom,,156,China,,,,,,,,,950611,Skis; for snow,0,,,,,,104,,16393,,,0
HS,2017,201712,December 2017,6,1,2,Exports,826,United Kingdom,,203,Czech Rep.,,,,,,,,,950611,Skis; for snow,0,,,,,,16,,82,,,0
HS,2017,201712,December 2017,6,1,2,Exports,826,United Kingdom,,226,Equatorial Guinea,,,,,,,,,950611,Skis; for snow,0,,,,,,39,,3295,,,0
HS,2017,201712,December 2017,6,1,2,Exports,826,United Kingdom,,490,"Other Asia, nes",,,,,,,,,950611,Skis; for snow,0,,,,,,1,,2118,,,0
HS,2017,201712,December 2017,6,1,2,Exports,826,United Kingdom,,270,Gambia,,,,,,,,,950611,Skis; for snow,0,,,,,,387,,1291,,,0
HS,2017,201712,December 2017,6,1,2,Exports,826,United Kingdom,,360,Indonesia,,,,,,,,,950611,Skis; for snow,0,,,,,,15,,1536,,,0
HS,2017,201712,December 2017,6,1,2,Exports,826,United Kingdom,,372,Ireland,,,,,,,,,950611,Skis; for snow,0,,,,,,363,,9564,,,0
HS,2017,201712,December 2017,6,1,2,Exports,826,United Kingdom,,376,Israel,,,,,,,,,950611,Skis; for snow,0,,,,,,45,,3875,,,0
HS,2017,201712,December 2017,6,1,2,Exports,826,United Kingdom,,579,Norway,,,,,,,,,950611,Skis; for snow,0,,,,,,40,,4146,,,0
HS,2017,201712,December 2017,6,1,2,Exports,826,United Kingdom,,604,Peru,,,,,,,,,950611,Skis; for snow,0,,,,,,30,,1488,,,0
HS,2017,201712,December 2017,6,1,2,Exports,826,United Kingdom,,757,Switzerland,,,,,,,,,950611,Skis; for snow,0,,,,,,483,,11049,,,0
HS,2017,201712,December 2017,6,1,2,Exports,826,United Kingdom,,784,United Arab Emirates,,,,,,,,,950611,Skis; for snow,0,,,,,,2,,4057,,,0
HS,2017,201712,December 2017,6,1,2,Exports,826,United Kingdom,,804,Ukraine,,,,,,,,,950611,Skis; for snow,0,,,,,,34,,2460,,,0
HS,2017,201712,December 2017,6,1,2,Exports,826,United Kingdom,,682,Saudi Arabia,,,,,,,,,950611,Skis; for snow,0,,,,,,54,,5362,,,0
HS,2017,201712,December 2017,6,1,2,Exports,826,United Kingdom,,699,India,,,,,,,,,950611,Skis; for snow,0,,,,,,112,,2419,,,0
HS,2017,201712,December 2017,6,1,2,Exports,826,United Kingdom,,704,Viet Nam,,,,,,,,,950611,Skis; for snow,0,,,,,,11,,1527,,,0
HS,2017,201712,December 2017,6,1,2,Exports,826,United Kingdom,,634,Qatar,,,,,,,,,950611,Skis; for snow,0,,,,,,4,,6077,,,0
HS,2017,201703,March 2017,6,1,2,Exports,826,United Kingdom,,372,Ireland,,,,,,,,,950611,Skis; for snow,0,,,,,,205,,20723,,,0
HS,2017,201703,March 2017,6,1,2,Exports,826,United Kingdom,,381,Italy,,,,,,,,,950611,Skis; for snow,0,,,,,,11,,523,,,0
HS,2017,201703,March 2017,6,1,2,Exports,826,United Kingdom,,56,Belgium,,,,,,,,,950611,Skis; for snow,0,,,,,,14,,64,,,0
HS,2017,201703,March 2017,6,1,2,Exports,826,United Kingdom,,0,World,,,,,,,,,950611,Skis; for snow,0,,,,,,11686,,247146,,,0
HS,2017,201703,March 2017,6,1,2,Exports,826,United Kingdom,,36,Australia,,,,,,,,,950611,Skis; for snow,0,,,,,,3260,,31831,,,0
HS,2017,201703,March 2017,6,1,2,Exports,826,United Kingdom,,276,Germany,,,,,,,,,950611,Skis; for snow,0,,,,,,68,,4441,,,0
HS,2017,201703,March 2017,6,1,2,Exports,826,United Kingdom,,251,France,,,,,,,,,950611,Skis; for snow,0,,,,,,68,,4748,,,0
HS,2017,201703,March 2017,6,1,2,Exports,826,United Kingdom,,724,Spain,,,,,,,,,950611,Skis; for snow,0,,,,,,40,,1741,,,0
HS,2017,201703,March 2017,6,1,2,Exports,826,United Kingdom,,757,Switzerland,,,,,,,,,950611,Skis; for snow,0,,,,,,220,,13378,,,0
HS,2017,201703,March 2017,6,1,2,Exports,826,United Kingdom,,842,United States of America,,,,,,,,,950611,Skis; for snow,0,,,,,,685,,24400,,,0
HS,2017,201702,February 2017,6,1,1,Imports,826,United Kingdom,,554,New Zealand,,,,,,,,,950611,Skis; for snow,0,,,,,,17,,1798,,,0
HS,2017,201702,February 2017,6,1,1,Imports,826,United Kingdom,,124,Canada,,,,,,,,,950611,Skis; for snow,0,,,,,,38,,4968,,,0
HS,2017,201702,February 2017,6,1,1,Imports,826,United Kingdom,,842,United States of America,,,,,,,,,950611,Skis; for snow,0,,,,,,38,,3790,,,0
HS,2017,201712,December 2017,6,1,2,Exports,826,United Kingdom,,642,Romania,,,,,,,,,950611,Skis; for snow,0,,,,,,4,,194,,,0
HS,2017,201712,December 2017,6,1,2,Exports,826,United Kingdom,,300,Greece,,,,,,,,,950611,Skis; for snow,0,,,,,,3,,239,,,0
HS,2017,201712,December 2017,6,1,2,Exports,826,United Kingdom,,208,Denmark,,,,,,,,,950611,Skis; for snow,0,,,,,,3,,261,,,0
HS,2017,201712,December 2017,6,1,2,Exports,826,United Kingdom,,196,Cyprus,,,,,,,,,950611,Skis; for snow,0,,,,,,6,,916,,,0
HS,2017,201712,December 2017,6,1,2,Exports,826,United Kingdom,,56,Belgium,,,,,,,,,950611,Skis; for snow,0,,,,,,12,,409,,,0
HS,2017,201712,December 2017,6,1,2,Exports,826,United Kingdom,,40,Austria,,,,,,,,,950611,Skis; for snow,0,,,,,,17,,751,,,0
HS,2017,201702,February 2017,6,1,1,Imports,826,United Kingdom,,724,Spain,,,,,,,,,950611,Skis; for snow,0,,,,,,63,,2271,,,0
HS,2017,201702,February 2017,6,1,1,Imports,826,United Kingdom,,276,Germany,,,,,,,,,950611,Skis; for snow,0,,,,,,417,,4902,,,0
HS,2017,201702,February 2017,6,1,1,Imports,826,United Kingdom,,528,Netherlands,,,,,,,,,950611,Skis; for snow,0,,,,,,3281,,27550,,,0
HS,2017,201702,February 2017,6,1,1,Imports,826,United Kingdom,,381,Italy,,,,,,,,,950611,Skis; for snow,0,,,,,,48,,1903,,,0
HS,2017,201702,February 2017,6,1,1,Imports,826,United Kingdom,,40,Austria,,,,,,,,,950611,Skis; for snow,0,,,,,,1518,,58538,,,0
HS,2017,201702,February 2017,6,1,1,Imports,826,United Kingdom,,203,Czech Rep.,,,,,,,,,950611,Skis; for snow,0,,,,,,46,,1388,,,0
HS,2017,201702,February 2017,6,1,1,Imports,826,United Kingdom,,56,Belgium,,,,,,,,,950611,Skis; for snow,0,,,,,,923,,37687,,,0
HS,2017,201702,February 2017,6,1,1,Imports,826,United Kingdom,,251,France,,,,,,,,,950611,Skis; for snow,0,,,,,,10599,,501070,,,0
HS,2017,201702,February 2017,6,1,1,Imports,826,United Kingdom,,0,World,,,,,,,,,950611,Skis; for snow,0,,,,,,17062,,649467,,,0
HS,2017,201711,November 2017,6,1,2,Exports,826,United Kingdom,,842,United States of America,,,,,,,,,950611,Skis; for snow,0,,,,,,14377,,181936,,,0
HS,2017,201711,November 2017,6,1,2,Exports,826,United Kingdom,,381,Italy,,,,,,,,,950611,Skis; for snow,0,,,,,,42,,898,,,0
HS,2017,201711,November 2017,6,1,2,Exports,826,United Kingdom,,528,Netherlands,,,,,,,,,950611,Skis; for snow,0,,,,,,45,,1294,,,0
HS,2017,201711,November 2017,6,1,2,Exports,826,United Kingdom,,372,Ireland,,,,,,,,,950611,Skis; for snow,0,,,,,,831,,17204,,,0
HS,2017,201711,November 2017,6,1,2,Exports,826,United Kingdom,,344,"China, Hong Kong SAR",,,,,,,,,950611,Skis; for snow,0,,,,,,197,,20148,,,0
HS,2017,201711,November 2017,6,1,2,Exports,826,United Kingdom,,124,Canada,,,,,,,,,950611,Skis; for snow,0,,,,,,17,,3267,,,0
HS,2017,201711,November 2017,6,1,2,Exports,826,United Kingdom,,203,Czech Rep.,,,,,,,,,950611,Skis; for snow,0,,,,,,18,,416,,,0
HS,2017,201711,November 2017,6,1,2,Exports,826,United Kingdom,,276,Germany,,,,,,,,,950611,Skis; for snow,0,,,,,,97,,1661,,,0
HS,2017,201711,November 2017,6,1,2,Exports,826,United Kingdom,,251,France,,,,,,,,,950611,Skis; for snow,0,,,,,,34,,952,,,0
HS,2017,201711,November 2017,6,1,2,Exports,826,United Kingdom,,36,Australia,,,,,,,,,950611,Skis; for snow,0,,,,,,158,,14369,,,0
HS,2017,201711,November 2017,6,1,2,Exports,826,United Kingdom,,56,Belgium,,,,,,,,,950611,Skis; for snow,0,,,,,,5,,66,,,0
HS,2017,201711,November 2017,6,1,2,Exports,826,United Kingdom,,40,Austria,,,,,,,,,950611,Skis; for snow,0,,,,,,11,,125,,,0
HS,2017,201711,November 2017,6,1,2,Exports,826,United Kingdom,,0,World,,,,,,,,,950611,Skis; for snow,0,,,,,,17772,,331438,,,0
HS,2017,201711,November 2017,6,1,2,Exports,826,United Kingdom,,616,Poland,,,,,,,,,950611,Skis; for snow,0,,,,,,22,,236,,,0
HS,2017,201711,November 2017,6,1,2,Exports,826,United Kingdom,,620,Portugal,,,,,,,,,950611,Skis; for snow,0,,,,,,22,,507,,,0
HS,2017,201711,November 2017,6,1,2,Exports,826,United Kingdom,,724,Spain,,,,,,,,,950611,Skis; for snow,0,,,,,,88,,2870,,,0
HS,2017,201703,March 2017,6,1,1,Imports,826,United Kingdom,,704,Viet Nam,,,,,,,,,950611,Skis; for snow,0,,,,,,15,,2772,,,0
HS,2017,201703,March 2017,6,1,1,Imports,826,United Kingdom,,586,Pakistan,,,,,,,,,950611,Skis; for snow,0,,,,,,1082,,24384,,,0
HS,2017,201703,March 2017,6,1,1,Imports,826,United Kingdom,,699,India,,,,,,,,,950611,Skis; for snow,0,,,,,,136,,8923,,,0
HS,2017,201703,March 2017,6,1,1,Imports,826,United Kingdom,,842,United States of America,,,,,,,,,950611,Skis; for snow,0,,,,,,12,,2405,,,0
HS,2017,201703,March 2017,6,1,1,Imports,826,United Kingdom,,792,Turkey,,,,,,,,,950611,Skis; for snow,0,,,,,,3005,,29671,,,0
HS,2017,201703,March 2017,6,1,1,Imports,826,United Kingdom,,56,Belgium,,,,,,,,,950611,Skis; for snow,0,,,,,,124,,2955,,,0
HS,2017,201703,March 2017,6,1,1,Imports,826,United Kingdom,,724,Spain,,,,,,,,,950611,Skis; for snow,0,,,,,,30,,1040,,,0
HS,2017,201703,March 2017,6,1,1,Imports,826,United Kingdom,,381,Italy,,,,,,,,,950611,Skis; for snow,0,,,,,,43,,825,,,0
HS,2017,201703,March 2017,6,1,1,Imports,826,United Kingdom,,276,Germany,,,,,,,,,950611,Skis; for snow,0,,,,,,250,,9158,,,0
HS,2017,201703,March 2017,6,1,1,Imports,826,United Kingdom,,40,Austria,,,,,,,,,950611,Skis; for snow,0,,,,,,1053,,41314,,,0
HS,2017,201702,February 2017,6,1,2,Exports,826,United Kingdom,,288,Ghana,,,,,,,,,950611,Skis; for snow,0,,,,,,1700,,2297,,,0
HS,2017,201702,February 2017,6,1,2,Exports,826,United Kingdom,,344,"China, Hong Kong SAR",,,,,,,,,950611,Skis; for snow,0,,,,,,29,,4656,,,0
HS,2017,201702,February 2017,6,1,2,Exports,826,United Kingdom,,392,Japan,,,,,,,,,950611,Skis; for snow,0,,,,,,43,,5603,,,0
HS,2017,201702,February 2017,6,1,2,Exports,826,United Kingdom,,410,Rep. of Korea,,,,,,,,,950611,Skis; for snow,0,,,,,,35,,1810,,,0
HS,2017,201702,February 2017,6,1,2,Exports,826,United Kingdom,,458,Malaysia,,,,,,,,,950611,Skis; for snow,0,,,,,,3,,2797,,,0
HS,2017,201702,February 2017,6,1,2,Exports,826,United Kingdom,,566,Nigeria,,,,,,,,,950611,Skis; for snow,0,,,,,,6000,,5618,,,0
HS,2017,201702,February 2017,6,1,2,Exports,826,United Kingdom,,56,Belgium,,,,,,,,,950611,Skis; for snow,0,,,,,,4,,6,,,0
HS,2017,201702,February 2017,6,1,2,Exports,826,United Kingdom,,36,Australia,,,,,,,,,950611,Skis; for snow,0,,,,,,3,,1873,,,0
HS,2017,201702,February 2017,6,1,2,Exports,826,United Kingdom,,124,Canada,,,,,,,,,950611,Skis; for snow,0,,,,,,75,,11186,,,0
HS,2017,201702,February 2017,6,1,2,Exports,826,United Kingdom,,757,Switzerland,,,,,,,,,950611,Skis; for snow,0,,,,,,17,,5140,,,0
HS,2017,201702,February 2017,6,1,2,Exports,826,United Kingdom,,834,United Rep. of Tanzania,,,,,,,,,950611,Skis; for snow,0,,,,,,1550,,999,,,0
HS,2017,201702,February 2017,6,1,2,Exports,826,United Kingdom,,686,Senegal,,,,,,,,,950611,Skis; for snow,0,,,,,,5000,,6242,,,0
HS,2017,201702,February 2017,6,1,2,Exports,826,United Kingdom,,702,Singapore,,,,,,,,,950611,Skis; for snow,0,,,,,,1107,,20548,,,0
HS,2017,201703,March 2017,6,1,1,Imports,826,United Kingdom,,251,France,,,,,,,,,950611,Skis; for snow,0,,,,,,7023,,327076,,,0
HS,2017,201703,March 2017,6,1,1,Imports,826,United Kingdom,,0,World,,,,,,,,,950611,Skis; for snow,0,,,,,,12942,,459033,,,0
HS,2017,201703,March 2017,6,1,1,Imports,826,United Kingdom,,208,Denmark,,,,,,,,,950611,Skis; for snow,0,,,,,,5,,195,,,0
HS,2017,201703,March 2017,6,1,1,Imports,826,United Kingdom,,826,United Kingdom,,,,,,,,,950611,Skis; for snow,0,,,,,,27,,1271,,,0
HS,2017,201704,April 2017,6,1,2,Exports,826,United Kingdom,,381,Italy,,,,,,,,,950611,Skis; for snow,0,,,,,,120,,1394,,,0
HS,2017,201704,April 2017,6,1,2,Exports,826,United Kingdom,,724,Spain,,,,,,,,,950611,Skis; for snow,0,,,,,,77,,601,,,0
HS,2017,201704,April 2017,6,1,2,Exports,826,United Kingdom,,842,United States of America,,,,,,,,,950611,Skis; for snow,0,,,,,,1535,,48819,,,0
HS,2017,201704,April 2017,6,1,2,Exports,826,United Kingdom,,528,Netherlands,,,,,,,,,950611,Skis; for snow,0,,,,,,118,,1252,,,0
HS,2017,201704,April 2017,6,1,2,Exports,826,United Kingdom,,372,Ireland,,,,,,,,,950611,Skis; for snow,0,,,,,,361,,28330,,,0
HS,2017,201704,April 2017,6,1,2,Exports,826,United Kingdom,,251,France,,,,,,,,,950611,Skis; for snow,0,,,,,,545,,4260,,,0
HS,2017,201704,April 2017,6,1,2,Exports,826,United Kingdom,,0,World,,,,,,,,,950611,Skis; for snow,0,,,,,,22079,,223856,,,0
HS,2017,201704,April 2017,6,1,2,Exports,826,United Kingdom,,56,Belgium,,,,,,,,,950611,Skis; for snow,0,,,,,,1126,,3433,,,0
HS,2017,201704,April 2017,6,1,2,Exports,826,United Kingdom,,191,Croatia,,,,,,,,,950611,Skis; for snow,0,,,,,,22,,97,,,0
HS,2017,201704,April 2017,6,1,2,Exports,826,United Kingdom,,40,Austria,,,,,,,,,950611,Skis; for snow,0,,,,,,1,,51,,,0
HS,2017,201704,April 2017,6,1,2,Exports,826,United Kingdom,,246,Finland,,,,,,,,,950611,Skis; for snow,0,,,,,,28,,78,,,0
HS,2017,201704,April 2017,6,1,2,Exports,826,United Kingdom,,300,Greece,,,,,,,,,950611,Skis; for snow,0,,,,,,38,,21,,,0
HS,2017,201704,April 2017,6,1,2,Exports,826,United Kingdom,,620,Portugal,,,,,,,,,950611,Skis; for snow,0,,,,,,28,,134,,,0
HS,2017,201704,April 2017,6,1,2,Exports,826,United Kingdom,,757,Switzerland,,,,,,,,,950611,Skis; for snow,0,,,,,,72,,9858,,,0
HS,2017,201704,April 2017,6,1,2,Exports,826,United Kingdom,,392,Japan,,,,,,,,,950611,Skis; for snow,0,,,,,,108,,4950,,,0
HS,2017,201704,April 2017,6,1,2,Exports,826,United Kingdom,,490,"Other Asia, nes",,,,,,,,,950611,Skis; for snow,0,,,,,,33,,3915,,,0
HS,2017,201704,April 2017,6,1,2,Exports,826,United Kingdom,,156,China,,,,,,,,,950611,Skis; for snow,0,,,,,,82,,1611,,,0
HS,2017,201704,April 2017,6,1,2,Exports,826,United Kingdom,,784,United Arab Emirates,,,,,,,,,950611,Skis; for snow,0,,,,,,52,,5709,,,0
HS,2017,201704,April 2017,6,1,2,Exports,826,United Kingdom,,124,Canada,,,,,,,,,950611,Skis; for snow,0,,,,,,307,,9560,,,0
HS,2017,201704,April 2017,6,1,2,Exports,826,United Kingdom,,344,"China, Hong Kong SAR",,,,,,,,,950611,Skis; for snow,0,,,,,,15,,9823,,,0
HS,2017,201704,April 2017,6,1,2,Exports,826,United Kingdom,,792,Turkey,,,,,,,,,950611,Skis; for snow,0,,,,,,15500,,7966,,,0
HS,2017,201704,April 2017,6,1,2,Exports,826,United Kingdom,,804,Ukraine,,,,,,,,,950611,Skis; for snow,0,,,,,,22,,1991,,,0
HS,2017,201704,April 2017,6,1,2,Exports,826,United Kingdom,,554,New Zealand,,,,,,,,,950611,Skis; for snow,0,,,,,,805,,3803,,,0
HS,2017,201704,April 2017,6,1,2,Exports,826,United Kingdom,,616,Poland,,,,,,,,,950611,Skis; for snow,0,,,,,,60,,546,,,0
HS,2017,201704,April 2017,6,1,2,Exports,826,United Kingdom,,752,Sweden,,,,,,,,,950611,Skis; for snow,0,,,,,,126,,571,,,0
HS,2017,201704,April 2017,6,1,2,Exports,826,United Kingdom,,276,Germany,,,,,,,,,950611,Skis; for snow,0,,,,,,211,,7589,,,0
HS,2017,201704,April 2017,6,1,2,Exports,826,United Kingdom,,203,Czech Rep.,,,,,,,,,950611,Skis; for snow,0,,,,,,16,,641,,,0
HS,2017,201704,April 2017,6,1,1,Imports,826,United Kingdom,,203,Czech Rep.,,,,,,,,,950611,Skis; for snow,0,,,,,,42,,1569,,,0
HS,2017,201704,April 2017,6,1,1,Imports,826,United Kingdom,,616,Poland,,,,,,,,,950611,Skis; for snow,0,,,,,,17,,772,,,0
HS,2017,201704,April 2017,6,1,1,Imports,826,United Kingdom,,842,United States of America,,,,,,,,,950611,Skis; for snow,0,,,,,,14,,2152,,,0
HS,2017,201704,April 2017,6,1,1,Imports,826,United Kingdom,,528,Netherlands,,,,,,,,,950611,Skis; for snow,0,,,,,,2292,,41166,,,0
HS,2017,201704,April 2017,6,1,1,Imports,826,United Kingdom,,381,Italy,,,,,,,,,950611,Skis; for snow,0,,,,,,3,,124,,,0
HS,2017,201704,April 2017,6,1,1,Imports,826,United Kingdom,,788,Tunisia,,,,,,,,,950611,Skis; for snow,0,,,,,,124,,4082,,,0
HS,2017,201704,April 2017,6,1,1,Imports,826,United Kingdom,,724,Spain,,,,,,,,,950611,Skis; for snow,0,,,,,,14,,366,,,0
HS,2017,201704,April 2017,6,1,1,Imports,826,United Kingdom,,826,United Kingdom,,,,,,,,,950611,Skis; for snow,0,,,,,,27,,1330,,,0
HS,2017,201704,April 2017,6,1,2,Exports,826,United Kingdom,,208,Denmark,,,,,,,,,950611,Skis; for snow,0,,,,,,10,,56,,,0
HS,2017,201704,April 2017,6,1,1,Imports,826,United Kingdom,,276,Germany,,,,,,,,,950611,Skis; for snow,0,,,,,,215,,3464,,,0
HS,2017,201704,April 2017,6,1,1,Imports,826,United Kingdom,,56,Belgium,,,,,,,,,950611,Skis; for snow,0,,,,,,192,,4234,,,0
HS,2017,201704,April 2017,6,1,1,Imports,826,United Kingdom,,40,Austria,,,,,,,,,950611,Skis; for snow,0,,,,,,1612,,63680,,,0
HS,2017,201704,April 2017,6,1,1,Imports,826,United Kingdom,,251,France,,,,,,,,,950611,Skis; for snow,0,,,,,,2089,,98838,,,0
HS,2017,201704,April 2017,6,1,1,Imports,826,United Kingdom,,0,World,,,,,,,,,950611,Skis; for snow,0,,,,,,6641,,221778,,,0
HS,2017,201703,March 2017,6,1,2,Exports,826,United Kingdom,,124,Canada,,,,,,,,,950611,Skis; for snow,0,,,,,,10,,1480,,,0
HS,2017,201703,March 2017,6,1,2,Exports,826,United Kingdom,,156,China,,,,,,,,,950611,Skis; for snow,0,,,,,,376,,96277,,,0
HS,2017,201703,March 2017,6,1,2,Exports,826,United Kingdom,,410,Rep. of Korea,,,,,,,,,950611,Skis; for snow,0,,,,,,5,,1660,,,0
HS,2017,201703,March 2017,6,1,2,Exports,826,United Kingdom,,500,Montserrat,,,,,,,,,950611,Skis; for snow,0,,,,,,9,,1147,,,0
HS,2017,201703,March 2017,6,1,2,Exports,826,United Kingdom,,512,Oman,,,,,,,,,950611,Skis; for snow,0,,,,,,7,,2505,,,0
HS,2017,201703,March 2017,6,1,2,Exports,826,United Kingdom,,620,Portugal,,,,,,,,,950611,Skis; for snow,0,,,,,,2,,122,,,0
HS,2017,201703,March 2017,6,1,2,Exports,826,United Kingdom,,642,Romania,,,,,,,,,950611,Skis; for snow,0,,,,,,3,,31,,,0
HS,2017,201703,March 2017,6,1,2,Exports,826,United Kingdom,,40,Austria,,,,,,,,,950611,Skis; for snow,0,,,,,,6,,6,,,0
HS,2017,201703,March 2017,6,1,2,Exports,826,United Kingdom,,292,Gibraltar,,,,,,,,,950611,Skis; for snow,0,,,,,,635,,16596,,,0
HS,2017,201703,March 2017,6,1,2,Exports,826,United Kingdom,,834,United Rep. of Tanzania,,,,,,,,,950611,Skis; for snow,0,,,,,,1170,,339,,,0
HS,2017,201703,March 2017,6,1,2,Exports,826,United Kingdom,,686,Senegal,,,,,,,,,950611,Skis; for snow,0,,,,,,2500,,4316,,,0
HS,2017,201703,March 2017,6,1,2,Exports,826,United Kingdom,,554,New Zealand,,,,,,,,,950611,Skis; for snow,0,,,,,,2302,,7113,,,0
HS,2017,201703,March 2017,6,1,2,Exports,826,United Kingdom,,579,Norway,,,,,,,,,950611,Skis; for snow,0,,,,,,8,,3091,,,0
HS,2017,201703,March 2017,6,1,2,Exports,826,United Kingdom,,344,"China, Hong Kong SAR",,,,,,,,,950611,Skis; for snow,0,,,,,,40,,5939,,,0
HS,2017,201703,March 2017,6,1,2,Exports,826,United Kingdom,,784,United Arab Emirates,,,,,,,,,950611,Skis; for snow,0,,,,,,24,,2531,,,0
HS,2017,201708,August 2017,6,1,2,Exports,826,United Kingdom,,233,Estonia,,,,,,,,,950611,Skis; for snow,0,,,,,,2,,1,,,0
HS,2017,201708,August 2017,6,1,2,Exports,826,United Kingdom,,398,Kazakhstan,,,,,,,,,950611,Skis; for snow,0,,,,,,13,,1439,,,0
HS,2017,201708,August 2017,6,1,2,Exports,826,United Kingdom,,410,Rep. of Korea,,,,,,,,,950611,Skis; for snow,0,,,,,,5,,1441,,,0
HS,2017,201708,August 2017,6,1,2,Exports,826,United Kingdom,,757,Switzerland,,,,,,,,,950611,Skis; for snow,0,,,,,,70,,14869,,,0
HS,2017,201708,August 2017,6,1,2,Exports,826,United Kingdom,,764,Thailand,,,,,,,,,950611,Skis; for snow,0,,,,,,84,,1426,,,0
HS,2017,201708,August 2017,6,1,2,Exports,826,United Kingdom,,703,Slovakia,,,,,,,,,950611,Skis; for snow,0,,,,,,12,,248,,,0
HS,2017,201708,August 2017,6,1,2,Exports,826,United Kingdom,,634,Qatar,,,,,,,,,950611,Skis; for snow,0,,,,,,1215,,2899,,,0
HS,2017,201708,August 2017,6,1,2,Exports,826,United Kingdom,,643,Russian Federation,,,,,,,,,950611,Skis; for snow,0,,,,,,400,,8181,,,0
HS,2017,201708,August 2017,6,1,2,Exports,826,United Kingdom,,191,Croatia,,,,,,,,,950611,Skis; for snow,0,,,,,,11,,8,,,0
HS,2017,201706,June 2017,6,1,2,Exports,826,United Kingdom,,634,Qatar,,,,,,,,,950611,Skis; for snow,0,,,,,,5,,2560,,,0
HS,2017,201706,June 2017,6,1,2,Exports,826,United Kingdom,,784,United Arab Emirates,,,,,,,,,950611,Skis; for snow,0,,,,,,8,,2568,,,0
HS,2017,201706,June 2017,6,1,2,Exports,826,United Kingdom,,554,New Zealand,,,,,,,,,950611,Skis; for snow,0,,,,,,16,,1280,,,0
HS,2017,201706,June 2017,6,1,2,Exports,826,United Kingdom,,440,Lithuania,,,,,,,,,950611,Skis; for snow,0,,,,,,2,,3,,,0
HS,2017,201708,August 2017,6,1,2,Exports,826,United Kingdom,,36,Australia,,,,,,,,,950611,Skis; for snow,0,,,,,,931,,9946,,,0
HS,2017,201708,August 2017,6,1,2,Exports,826,United Kingdom,,784,United Arab Emirates,,,,,,,,,950611,Skis; for snow,0,,,,,,173,,4702,,,0
HS,2017,201708,August 2017,6,1,2,Exports,826,United Kingdom,,704,Viet Nam,,,,,,,,,950611,Skis; for snow,0,,,,,,11,,1897,,,0
HS,2017,201708,August 2017,6,1,2,Exports,826,United Kingdom,,579,Norway,,,,,,,,,950611,Skis; for snow,0,,,,,,192,,5078,,,0
HS,2017,201708,August 2017,6,1,2,Exports,826,United Kingdom,,324,Guinea,,,,,,,,,950611,Skis; for snow,0,,,,,,1500,,557,,,0
HS,2017,201708,August 2017,6,1,2,Exports,826,United Kingdom,,352,Iceland,,,,,,,,,950611,Skis; for snow,0,,,,,,65,,2989,,,0
HS,2017,201708,August 2017,6,1,2,Exports,826,United Kingdom,,246,Finland,,,,,,,,,950611,Skis; for snow,0,,,,,,14,,16,,,0
HS,2017,201708,August 2017,6,1,2,Exports,826,United Kingdom,,682,Saudi Arabia,,,,,,,,,950611,Skis; for snow,0,,,,,,1725,,13184,,,0
HS,2017,201708,August 2017,6,1,2,Exports,826,United Kingdom,,818,Egypt,,,,,,,,,950611,Skis; for snow,0,,,,,,795,,2639,,,0
HS,2017,201708,August 2017,6,1,2,Exports,826,United Kingdom,,690,Seychelles,,,,,,,,,950611,Skis; for snow,0,,,,,,16,,1923,,,0
HS,2017,201708,August 2017,6,1,2,Exports,826,United Kingdom,,702,Singapore,,,,,,,,,950611,Skis; for snow,0,,,,,,16000,,12695,,,0
HS,2017,201708,August 2017,6,1,2,Exports,826,United Kingdom,,344,"China, Hong Kong SAR",,,,,,,,,950611,Skis; for snow,0,,,,,,57,,6480,,,0
HS,2017,201706,June 2017,6,1,2,Exports,826,United Kingdom,,620,Portugal,,,,,,,,,950611,Skis; for snow,0,,,,,,14,,165,,,0
HS,2017,201706,June 2017,6,1,2,Exports,826,United Kingdom,,208,Denmark,,,,,,,,,950611,Skis; for snow,0,,,,,,22,,178,,,0
HS,2017,201706,June 2017,6,1,2,Exports,826,United Kingdom,,344,"China, Hong Kong SAR",,,,,,,,,950611,Skis; for snow,0,,,,,,18,,9786,,,0
HS,2017,201706,June 2017,6,1,2,Exports,826,United Kingdom,,699,India,,,,,,,,,950611,Skis; for snow,0,,,,,,1,,1135,,,0
HS,2017,201706,June 2017,6,1,2,Exports,826,United Kingdom,,348,Hungary,,,,,,,,,950611,Skis; for snow,0,,,,,,12,,12,,,0
HS,2017,201706,June 2017,6,1,2,Exports,826,United Kingdom,,392,Japan,,,,,,,,,950611,Skis; for snow,0,,,,,,182,,12152,,,0
HS,2017,201706,June 2017,6,1,2,Exports,826,United Kingdom,,124,Canada,,,,,,,,,950611,Skis; for snow,0,,,,,,50,,11065,,,0
HS,2017,201706,June 2017,6,1,2,Exports,826,United Kingdom,,410,Rep. of Korea,,,,,,,,,950611,Skis; for snow,0,,,,,,462,,46326,,,0
HS,2017,201706,June 2017,6,1,2,Exports,826,United Kingdom,,834,United Rep. of Tanzania,,,,,,,,,950611,Skis; for snow,0,,,,,,700,,11469,,,0
HS,2017,201706,June 2017,6,1,2,Exports,826,United Kingdom,,36,Australia,,,,,,,,,950611,Skis; for snow,0,,,,,,41,,3580,,,0
HS,2017,201706,June 2017,6,1,1,Imports,826,United Kingdom,,276,Germany,,,,,,,,,950611,Skis; for snow,0,,,,,,74,,2556,,,0
HS,2017,201706,June 2017,6,1,1,Imports,826,United Kingdom,,586,Pakistan,,,,,,,,,950611,Skis; for snow,0,,,,,,23,,1167,,,0
HS,2017,201706,June 2017,6,1,1,Imports,826,United Kingdom,,616,Poland,,,,,,,,,950611,Skis; for snow,0,,,,,,15,,451,,,0
HS,2017,201708,August 2017,6,1,2,Exports,826,United Kingdom,,40,Austria,,,,,,,,,950611,Skis; for snow,0,,,,,,6,,27,,,0
HS,2017,201708,August 2017,6,1,2,Exports,826,United Kingdom,,705,Slovenia,,,,,,,,,950611,Skis; for snow,0,,,,,,6,,102,,,0
HS,2017,201708,August 2017,6,1,2,Exports,826,United Kingdom,,616,Poland,,,,,,,,,950611,Skis; for snow,0,,,,,,5,,174,,,0
HS,2017,201708,August 2017,6,1,2,Exports,826,United Kingdom,,752,Sweden,,,,,,,,,950611,Skis; for snow,0,,,,,,26,,491,,,0
HS,2017,201708,August 2017,6,1,2,Exports,826,United Kingdom,,251,France,,,,,,,,,950611,Skis; for snow,0,,,,,,148,,2863,,,0
HS,2017,201708,August 2017,6,1,2,Exports,826,United Kingdom,,208,Denmark,,,,,,,,,950611,Skis; for snow,0,,,,,,18,,340,,,0
HS,2017,201706,June 2017,6,1,2,Exports,826,United Kingdom,,528,Netherlands,,,,,,,,,950611,Skis; for snow,0,,,,,,85,,1208,,,0
HS,2017,201706,June 2017,6,1,2,Exports,826,United Kingdom,,616,Poland,,,,,,,,,950611,Skis; for snow,0,,,,,,35,,1055,,,0
HS,2017,201706,June 2017,6,1,2,Exports,826,United Kingdom,,251,France,,,,,,,,,950611,Skis; for snow,0,,,,,,183,,2085,,,0
HS,2017,201706,June 2017,6,1,2,Exports,826,United Kingdom,,642,Romania,,,,,,,,,950611,Skis; for snow,0,,,,,,11,,183,,,0
HS,2017,201706,June 2017,6,1,2,Exports,826,United Kingdom,,276,Germany,,,,,,,,,950611,Skis; for snow,0,,,,,,88,,2601,,,0
HS,2017,201706,June 2017,6,1,2,Exports,826,United Kingdom,,752,Sweden,,,,,,,,,950611,Skis; for snow,0,,,,,,34,,311,,,0
HS,2017,201708,August 2017,6,1,2,Exports,826,United Kingdom,,528,Netherlands,,,,,,,,,950611,Skis; for snow,0,,,,,,25,,380,,,0
HS,2017,201708,August 2017,6,1,2,Exports,826,United Kingdom,,203,Czech Rep.,,,,,,,,,950611,Skis; for snow,0,,,,,,8,,118,,,0
HS,2017,201708,August 2017,6,1,2,Exports,826,United Kingdom,,300,Greece,,,,,,,,,950611,Skis; for snow,0,,,,,,8,,100,,,0
HS,2017,201708,August 2017,6,1,2,Exports,826,United Kingdom,,372,Ireland,,,,,,,,,950611,Skis; for snow,0,,,,,,141,,3563,,,0
HS,2017,201708,August 2017,6,1,2,Exports,826,United Kingdom,,381,Italy,,,,,,,,,950611,Skis; for snow,0,,,,,,13,,355,,,0
HS,2017,201706,June 2017,6,1,2,Exports,826,United Kingdom,,842,United States of America,,,,,,,,,950611,Skis; for snow,0,,,,,,142,,17106,,,0
HS,2017,201706,June 2017,6,1,2,Exports,826,United Kingdom,,381,Italy,,,,,,,,,950611,Skis; for snow,0,,,,,,55,,393,,,0
HS,2017,201706,June 2017,6,1,2,Exports,826,United Kingdom,,724,Spain,,,,,,,,,950611,Skis; for snow,0,,,,,,73,,984,,,0
HS,2017,201706,June 2017,6,1,2,Exports,826,United Kingdom,,203,Czech Rep.,,,,,,,,,950611,Skis; for snow,0,,,,,,24,,160,,,0
HS,2017,201706,June 2017,6,1,2,Exports,826,United Kingdom,,40,Austria,,,,,,,,,950611,Skis; for snow,0,,,,,,23,,193,,,0
HS,2017,201706,June 2017,6,1,2,Exports,826,United Kingdom,,0,World,,,,,,,,,950611,Skis; for snow,0,,,,,,10197,,194890,,,0
HS,2017,201706,June 2017,6,1,2,Exports,826,United Kingdom,,56,Belgium,,,,,,,,,950611,Skis; for snow,0,,,,,,5799,,23722,,,0
HS,2017,201706,June 2017,6,1,2,Exports,826,United Kingdom,,300,Greece,,,,,,,,,950611,Skis; for snow,0,,,,,,5,,13,,,0
HS,2017,201706,June 2017,6,1,2,Exports,826,United Kingdom,,372,Ireland,,,,,,,,,950611,Skis; for snow,0,,,,,,274,,5373,,,0
HS,2017,201706,June 2017,6,1,2,Exports,826,United Kingdom,,757,Switzerland,,,,,,,,,950611,Skis; for snow,0,,,,,,1833,,37222,,,0
HS,2017,201708,August 2017,6,1,2,Exports,826,United Kingdom,,392,Japan,,,,,,,,,950611,Skis; for snow,0,,,,,,63,,5109,,,0
HS,2017,201708,August 2017,6,1,2,Exports,826,United Kingdom,,276,Germany,,,,,,,,,950611,Skis; for snow,0,,,,,,23,,2762,,,0
HS,2017,201708,August 2017,6,1,2,Exports,826,United Kingdom,,348,Hungary,,,,,,,,,950611,Skis; for snow,0,,,,,,31,,185,,,0
HS,2017,201708,August 2017,6,1,2,Exports,826,United Kingdom,,56,Belgium,,,,,,,,,950611,Skis; for snow,0,,,,,,414,,1787,,,0
HS,2017,201708,August 2017,6,1,2,Exports,826,United Kingdom,,0,World,,,,,,,,,950611,Skis; for snow,0,,,,,,33087,,177755,,,0
HS,2017,201708,August 2017,6,1,2,Exports,826,United Kingdom,,724,Spain,,,,,,,,,950611,Skis; for snow,0,,,,,,60,,901,,,0
HS,2017,201708,August 2017,6,1,2,Exports,826,United Kingdom,,620,Portugal,,,,,,,,,950611,Skis; for snow,0,,,,,,16,,117,,,0
HS,2017,201708,August 2017,6,1,2,Exports,826,United Kingdom,,842,United States of America,,,,,,,,,950611,Skis; for snow,0,,,,,,8785,,65761,,,0
HS,2017,201708,August 2017,6,1,1,Imports,826,United Kingdom,,616,Poland,,,,,,,,,950611,Skis; for snow,0,,,,,,5,,184,,,0
HS,2017,201708,August 2017,6,1,1,Imports,826,United Kingdom,,504,Morocco,,,,,,,,,950611,Skis; for snow,0,,,,,,69,,3113,,,0
HS,2017,201708,August 2017,6,1,1,Imports,826,United Kingdom,,528,Netherlands,,,,,,,,,950611,Skis; for snow,0,,,,,,219,,19216,,,0
HS,2017,201708,August 2017,6,1,1,Imports,826,United Kingdom,,124,Canada,,,,,,,,,950611,Skis; for snow,0,,,,,,1300,,2981,,,0
HS,2017,201708,August 2017,6,1,1,Imports,826,United Kingdom,,56,Belgium,,,,,,,,,950611,Skis; for snow,0,,,,,,291,,2044,,,0
HS,2017,201708,August 2017,6,1,1,Imports,826,United Kingdom,,579,Norway,,,,,,,,,950611,Skis; for snow,0,,,,,,9,,2499,,,0
HS,2017,201706,June 2017,6,1,1,Imports,826,United Kingdom,,490,"Other Asia, nes",,,,,,,,,950611,Skis; for snow,0,,,,,,137,,6146,,,0
HS,2017,201708,August 2017,6,1,1,Imports,826,United Kingdom,,724,Spain,,,,,,,,,950611,Skis; for snow,0,,,,,,27,,1190,,,0
HS,2017,201708,August 2017,6,1,1,Imports,826,United Kingdom,,156,China,,,,,,,,,950611,Skis; for snow,0,,,,,,9604,,271143,,,0
HS,2017,201708,August 2017,6,1,1,Imports,826,United Kingdom,,40,Austria,,,,,,,,,950611,Skis; for snow,0,,,,,,8538,,327010,,,0
HS,2017,201708,August 2017,6,1,1,Imports,826,United Kingdom,,381,Italy,,,,,,,,,950611,Skis; for snow,0,,,,,,1336,,80805,,,0
HS,2017,201708,August 2017,6,1,1,Imports,826,United Kingdom,,276,Germany,,,,,,,,,950611,Skis; for snow,0,,,,,,620,,25046,,,0
HS,2017,201706,June 2017,6,1,1,Imports,826,United Kingdom,,56,Belgium,,,,,,,,,950611,Skis; for snow,0,,,,,,193,,1802,,,0
HS,2017,201706,June 2017,6,1,1,Imports,826,United Kingdom,,156,China,,,,,,,,,950611,Skis; for snow,0,,,,,,1815,,10598,,,0
HS,2017,201706,June 2017,6,1,1,Imports,826,United Kingdom,,203,Czech Rep.,,,,,,,,,950611,Skis; for snow,0,,,,,,70,,2562,,,0
HS,2017,201706,June 2017,6,1,1,Imports,826,United Kingdom,,40,Austria,,,,,,,,,950611,Skis; for snow,0,,,,,,4417,,173479,,,0
HS,2017,201706,June 2017,6,1,1,Imports,826,United Kingdom,,381,Italy,,,,,,,,,950611,Skis; for snow,0,,,,,,53,,2940,,,0
HS,2017,201706,June 2017,6,1,1,Imports,826,United Kingdom,,724,Spain,,,,,,,,,950611,Skis; for snow,0,,,,,,13,,93,,,0
HS,2017,201708,August 2017,6,1,1,Imports,826,United Kingdom,,251,France,,,,,,,,,950611,Skis; for snow,0,,,,,,2107,,124578,,,0
HS,2017,201708,August 2017,6,1,1,Imports,826,United Kingdom,,842,United States of America,,,,,,,,,950611,Skis; for snow,0,,,,,,982,,33467,,,0
HS,2017,201708,August 2017,6,1,1,Imports,826,United Kingdom,,0,World,,,,,,,,,950611,Skis; for snow,0,,,,,,25109,,893309,,,0
HS,2017,201706,June 2017,6,1,1,Imports,826,United Kingdom,,251,France,,,,,,,,,950611,Skis; for snow,0,,,,,,1608,,104100,,,0
HS,2017,201708,August 2017,6,1,1,Imports,826,United Kingdom,,203,Czech Rep.,,,,,,,,,950611,Skis; for snow,0,,,,,,2,,32,,,0
HS,2017,201706,June 2017,6,1,1,Imports,826,United Kingdom,,0,World,,,,,,,,,950611,Skis; for snow,0,,,,,,8945,,340486,,,0
HS,2017,201706,June 2017,6,1,1,Imports,826,United Kingdom,,842,United States of America,,,,,,,,,950611,Skis; for snow,0,,,,,,527,,34590,,,0
HS,2017,201707,July 2017,6,1,1,Imports,826,United Kingdom,,203,Czech Rep.,,,,,,,,,950611,Skis; for snow,0,,,,,,31,,1428,,,0
HS,2017,201707,July 2017,6,1,1,Imports,826,United Kingdom,,276,Germany,,,,,,,,,950611,Skis; for snow,0,,,,,,283,,8227,,,0
HS,2017,201707,July 2017,6,1,1,Imports,826,United Kingdom,,616,Poland,,,,,,,,,950611,Skis; for snow,0,,,,,,29,,727,,,0
HS,2017,201707,July 2017,6,1,1,Imports,826,United Kingdom,,381,Italy,,,,,,,,,950611,Skis; for snow,0,,,,,,4,,96,,,0
HS,2017,201707,July 2017,6,1,1,Imports,826,United Kingdom,,788,Tunisia,,,,,,,,,950611,Skis; for snow,0,,,,,,32,,1508,,,0
HS,2017,201707,July 2017,6,1,2,Exports,826,United Kingdom,,344,"China, Hong Kong SAR",,,,,,,,,950611,Skis; for snow,0,,,,,,711,,7433,,,0
HS,2017,201707,July 2017,6,1,2,Exports,826,United Kingdom,,56,Belgium,,,,,,,,,950611,Skis; for snow,0,,,,,,556,,2195,,,0
HS,2017,201707,July 2017,6,1,2,Exports,826,United Kingdom,,842,United States of America,,,,,,,,,950611,Skis; for snow,0,,,,,,10473,,118267,,,0
HS,2017,201707,July 2017,6,1,2,Exports,826,United Kingdom,,196,Cyprus,,,,,,,,,950611,Skis; for snow,0,,,,,,2,,30,,,0
HS,2017,201707,July 2017,6,1,2,Exports,826,United Kingdom,,191,Croatia,,,,,,,,,950611,Skis; for snow,0,,,,,,4,,5,,,0
HS,2017,201707,July 2017,6,1,2,Exports,826,United Kingdom,,392,Japan,,,,,,,,,950611,Skis; for snow,0,,,,,,237,,7880,,,0
HS,2017,201707,July 2017,6,1,2,Exports,826,United Kingdom,,634,Qatar,,,,,,,,,950611,Skis; for snow,0,,,,,,1575,,6152,,,0
HS,2017,201707,July 2017,6,1,2,Exports,826,United Kingdom,,120,Cameroon,,,,,,,,,950611,Skis; for snow,0,,,,,,4000,,3871,,,0
HS,2017,201707,July 2017,6,1,2,Exports,826,United Kingdom,,704,Viet Nam,,,,,,,,,950611,Skis; for snow,0,,,,,,7,,1208,,,0
HS,2017,201707,July 2017,6,1,2,Exports,826,United Kingdom,,699,India,,,,,,,,,950611,Skis; for snow,0,,,,,,250,,5460,,,0
HS,2017,201707,July 2017,6,1,2,Exports,826,United Kingdom,,702,Singapore,,,,,,,,,950611,Skis; for snow,0,,,,,,32,,1316,,,0
HS,2017,201707,July 2017,6,1,2,Exports,826,United Kingdom,,288,Ghana,,,,,,,,,950611,Skis; for snow,0,,,,,,500,,3897,,,0
HS,2017,201707,July 2017,6,1,2,Exports,826,United Kingdom,,208,Denmark,,,,,,,,,950611,Skis; for snow,0,,,,,,21,,225,,,0
HS,2017,201707,July 2017,6,1,2,Exports,826,United Kingdom,,36,Australia,,,,,,,,,950611,Skis; for snow,0,,,,,,871,,18196,,,0
HS,2017,201707,July 2017,6,1,2,Exports,826,United Kingdom,,642,Romania,,,,,,,,,950611,Skis; for snow,0,,,,,,19,,86,,,0
HS,2017,201707,July 2017,6,1,2,Exports,826,United Kingdom,,428,Latvia,,,,,,,,,950611,Skis; for snow,0,,,,,,12,,14,,,0
HS,2017,201707,July 2017,6,1,2,Exports,826,United Kingdom,,381,Italy,,,,,,,,,950611,Skis; for snow,0,,,,,,35,,717,,,0
HS,2017,201707,July 2017,6,1,2,Exports,826,United Kingdom,,616,Poland,,,,,,,,,950611,Skis; for snow,0,,,,,,16,,265,,,0
HS,2017,201707,July 2017,6,1,2,Exports,826,United Kingdom,,528,Netherlands,,,,,,,,,950611,Skis; for snow,0,,,,,,77,,1194,,,0
HS,2017,201707,July 2017,6,1,2,Exports,826,United Kingdom,,276,Germany,,,,,,,,,950611,Skis; for snow,0,,,,,,85,,1452,,,0
HS,2017,201707,July 2017,6,1,2,Exports,826,United Kingdom,,203,Czech Rep.,,,,,,,,,950611,Skis; for snow,0,,,,,,13,,190,,,0
HS,2017,201707,July 2017,6,1,2,Exports,826,United Kingdom,,724,Spain,,,,,,,,,950611,Skis; for snow,0,,,,,,39,,638,,,0
HS,2017,201707,July 2017,6,1,2,Exports,826,United Kingdom,,752,Sweden,,,,,,,,,950611,Skis; for snow,0,,,,,,45,,582,,,0
HS,2017,201707,July 2017,6,1,2,Exports,826,United Kingdom,,40,Austria,,,,,,,,,950611,Skis; for snow,0,,,,,,6,,65,,,0
HS,2017,201707,July 2017,6,1,1,Imports,826,United Kingdom,,699,India,,,,,,,,,950611,Skis; for snow,0,,,,,,196,,3755,,,0
HS,2017,201707,July 2017,6,1,1,Imports,826,United Kingdom,,124,Canada,,,,,,,,,950611,Skis; for snow,0,,,,,,87,,1157,,,0
HS,2017,201707,July 2017,6,1,1,Imports,826,United Kingdom,,156,China,,,,,,,,,950611,Skis; for snow,0,,,,,,2015,,6490,,,0
HS,2017,201707,July 2017,6,1,1,Imports,826,United Kingdom,,40,Austria,,,,,,,,,950611,Skis; for snow,0,,,,,,9431,,356380,,,0
HS,2017,201707,July 2017,6,1,1,Imports,826,United Kingdom,,56,Belgium,,,,,,,,,950611,Skis; for snow,0,,,,,,71,,1656,,,0
HS,2017,201707,July 2017,6,1,1,Imports,826,United Kingdom,,724,Spain,,,,,,,,,950611,Skis; for snow,0,,,,,,25,,1113,,,0
HS,2017,201707,July 2017,6,1,1,Imports,826,United Kingdom,,251,France,,,,,,,,,950611,Skis; for snow,0,,,,,,2851,,148579,,,0
HS,2017,201707,July 2017,6,1,1,Imports,826,United Kingdom,,0,World,,,,,,,,,950611,Skis; for snow,0,,,,,,15055,,531117,,,0
HS,2017,201709,September 2017,6,1,2,Exports,826,United Kingdom,,392,Japan,,,,,,,,,950611,Skis; for snow,0,,,,,,125,,6663,,,0
HS,2017,201709,September 2017,6,1,2,Exports,826,United Kingdom,,300,Greece,,,,,,,,,950611,Skis; for snow,0,,,,,,10,,19,,,0
HS,2017,201709,September 2017,6,1,2,Exports,826,United Kingdom,,344,"China, Hong Kong SAR",,,,,,,,,950611,Skis; for snow,0,,,,,,26,,1241,,,0
HS,2017,201709,September 2017,6,1,2,Exports,826,United Kingdom,,410,Rep. of Korea,,,,,,,,,950611,Skis; for snow,0,,,,,,22,,1279,,,0
HS,2017,201709,September 2017,6,1,2,Exports,826,United Kingdom,,703,Slovakia,,,,,,,,,950611,Skis; for snow,0,,,,,,2,,1,,,0
HS,2017,201709,September 2017,6,1,2,Exports,826,United Kingdom,,710,South Africa,,,,,,,,,950611,Skis; for snow,0,,,,,,24,,1319,,,0
HS,2017,201709,September 2017,6,1,2,Exports,826,United Kingdom,,48,Bahrain,,,,,,,,,950611,Skis; for snow,0,,,,,,11,,1427,,,0
HS,2017,201709,September 2017,6,1,2,Exports,826,United Kingdom,,528,Netherlands,,,,,,,,,950611,Skis; for snow,0,,,,,,22,,219,,,0
HS,2017,201709,September 2017,6,1,2,Exports,826,United Kingdom,,757,Switzerland,,,,,,,,,950611,Skis; for snow,0,,,,,,156,,10090,,,0
HS,2017,201709,September 2017,6,1,2,Exports,826,United Kingdom,,842,United States of America,,,,,,,,,950611,Skis; for snow,0,,,,,,2815,,55719,,,0
HS,2017,201709,September 2017,6,1,2,Exports,826,United Kingdom,,784,United Arab Emirates,,,,,,,,,950611,Skis; for snow,0,,,,,,36,,1455,,,0
HS,2017,201709,September 2017,6,1,2,Exports,826,United Kingdom,,818,Egypt,,,,,,,,,950611,Skis; for snow,0,,,,,,6723,,31155,,,0
HS,2017,201709,September 2017,6,1,2,Exports,826,United Kingdom,,834,United Rep. of Tanzania,,,,,,,,,950611,Skis; for snow,0,,,,,,3640,,1599,,,0
HS,2017,201709,September 2017,6,1,2,Exports,826,United Kingdom,,246,Finland,,,,,,,,,950611,Skis; for snow,0,,,,,,12,,12,,,0
HS,2017,201709,September 2017,6,1,2,Exports,826,United Kingdom,,376,Israel,,,,,,,,,950611,Skis; for snow,0,,,,,,334,,6260,,,0
HS,2017,201709,September 2017,6,1,2,Exports,826,United Kingdom,,428,Latvia,,,,,,,,,950611,Skis; for snow,0,,,,,,4,,3,,,0
HS,2017,201709,September 2017,6,1,2,Exports,826,United Kingdom,,458,Malaysia,,,,,,,,,950611,Skis; for snow,0,,,,,,13,,1199,,,0
HS,2017,201709,September 2017,6,1,2,Exports,826,United Kingdom,,100,Bulgaria,,,,,,,,,950611,Skis; for snow,0,,,,,,46,,21,,,0
HS,2017,201709,September 2017,6,1,2,Exports,826,United Kingdom,,124,Canada,,,,,,,,,950611,Skis; for snow,0,,,,,,11,,1446,,,0
HS,2017,201709,September 2017,6,1,2,Exports,826,United Kingdom,,36,Australia,,,,,,,,,950611,Skis; for snow,0,,,,,,2103,,47550,,,0
HS,2017,201709,September 2017,6,1,2,Exports,826,United Kingdom,,156,China,,,,,,,,,950611,Skis; for snow,0,,,,,,407,,4429,,,0
HS,2017,201709,September 2017,6,1,2,Exports,826,United Kingdom,,191,Croatia,,,,,,,,,950611,Skis; for snow,0,,,,,,14,,27,,,0
HS,2017,201709,September 2017,6,1,2,Exports,826,United Kingdom,,196,Cyprus,,,,,,,,,950611,Skis; for snow,0,,,,,,20,,13,,,0
HS,2017,201709,September 2017,6,1,2,Exports,826,United Kingdom,,579,Norway,,,,,,,,,950611,Skis; for snow,0,,,,,,220,,6543,,,0
HS,2017,201709,September 2017,6,1,2,Exports,826,United Kingdom,,643,Russian Federation,,,,,,,,,950611,Skis; for snow,0,,,,,,400,,8663,,,0
HS,2017,201709,September 2017,6,1,2,Exports,826,United Kingdom,,706,Somalia,,,,,,,,,950611,Skis; for snow,0,,,,,,12000,,19986,,,0
HS,2017,201709,September 2017,6,1,2,Exports,826,United Kingdom,,699,India,,,,,,,,,950611,Skis; for snow,0,,,,,,5,,1792,,,0
HS,2017,201709,September 2017,6,1,2,Exports,826,United Kingdom,,752,Sweden,,,,,,,,,950611,Skis; for snow,0,,,,,,41,,573,,,0
HS,2017,201709,September 2017,6,1,2,Exports,826,United Kingdom,,620,Portugal,,,,,,,,,950611,Skis; for snow,0,,,,,,11,,161,,,0
HS,2017,201709,September 2017,6,1,2,Exports,826,United Kingdom,,276,Germany,,,,,,,,,950611,Skis; for snow,0,,,,,,82,,1014,,,0
HS,2017,201709,September 2017,6,1,2,Exports,826,United Kingdom,,251,France,,,,,,,,,950611,Skis; for snow,0,,,,,,155,,1642,,,0
HS,2017,201709,September 2017,6,1,2,Exports,826,United Kingdom,,40,Austria,,,,,,,,,950611,Skis; for snow,0,,,,,,1,,20,,,0
HS,2017,201709,September 2017,6,1,2,Exports,826,United Kingdom,,0,World,,,,,,,,,950611,Skis; for snow,0,,,,,,29873,,220263,,,0
HS,2017,201709,September 2017,6,1,2,Exports,826,United Kingdom,,372,Ireland,,,,,,,,,950611,Skis; for snow,0,,,,,,157,,4120,,,0
HS,2017,201709,September 2017,6,1,2,Exports,826,United Kingdom,,208,Denmark,,,,,,,,,950611,Skis; for snow,0,,,,,,21,,21,,,0
HS,2017,201709,September 2017,6,1,2,Exports,826,United Kingdom,,56,Belgium,,,,,,,,,950611,Skis; for snow,0,,,,,,66,,469,,,0
HS,2017,201709,September 2017,6,1,2,Exports,826,United Kingdom,,381,Italy,,,,,,,,,950611,Skis; for snow,0,,,,,,41,,604,,,0
HS,2017,201709,September 2017,6,1,2,Exports,826,United Kingdom,,724,Spain,,,,,,,,,950611,Skis; for snow,0,,,,,,47,,721,,,0
HS,2017,201710,October 2017,6,1,1,Imports,826,United Kingdom,,0,World,,,,,,,,,950611,Skis; for snow,0,,,,,,25982,,1246601,,,0
HS,2017,201710,October 2017,6,1,1,Imports,826,United Kingdom,,56,Belgium,,,,,,,,,950611,Skis; for snow,0,,,,,,1446,,66782,,,0
HS,2017,201710,October 2017,6,1,1,Imports,826,United Kingdom,,40,Austria,,,,,,,,,950611,Skis; for snow,0,,,,,,10408,,489570,,,0
HS,2017,201710,October 2017,6,1,1,Imports,826,United Kingdom,,156,China,,,,,,,,,950611,Skis; for snow,0,,,,,,2382,,17542,,,0
HS,2017,201710,October 2017,6,1,1,Imports,826,United Kingdom,,276,Germany,,,,,,,,,950611,Skis; for snow,0,,,,,,1187,,53856,,,0
HS,2017,201710,October 2017,6,1,1,Imports,826,United Kingdom,,724,Spain,,,,,,,,,950611,Skis; for snow,0,,,,,,366,,9124,,,0
HS,2017,201710,October 2017,6,1,1,Imports,826,United Kingdom,,381,Italy,,,,,,,,,950611,Skis; for snow,0,,,,,,587,,38583,,,0
HS,2017,201710,October 2017,6,1,1,Imports,826,United Kingdom,,251,France,,,,,,,,,950611,Skis; for snow,0,,,,,,6903,,384030,,,0
HS,2017,201710,October 2017,6,1,1,Imports,826,United Kingdom,,579,Norway,,,,,,,,,950611,Skis; for snow,0,,,,,,14,,1559,,,0
HS,2017,201710,October 2017,6,1,1,Imports,826,United Kingdom,,752,Sweden,,,,,,,,,950611,Skis; for snow,0,,,,,,8,,12,,,0
HS,2017,201710,October 2017,6,1,1,Imports,826,United Kingdom,,842,United States of America,,,,,,,,,950611,Skis; for snow,0,,,,,,100,,3796,,,0
HS,2017,201710,October 2017,6,1,1,Imports,826,United Kingdom,,784,United Arab Emirates,,,,,,,,,950611,Skis; for snow,0,,,,,,657,,52046,,,0
HS,2017,201710,October 2017,6,1,1,Imports,826,United Kingdom,,788,Tunisia,,,,,,,,,950611,Skis; for snow,0,,,,,,258,,20455,,,0
HS,2017,201710,October 2017,6,1,1,Imports,826,United Kingdom,,203,Czech Rep.,,,,,,,,,950611,Skis; for snow,0,,,,,,15,,590,,,0
HS,2017,201710,October 2017,6,1,1,Imports,826,United Kingdom,,616,Poland,,,,,,,,,950611,Skis; for snow,0,,,,,,4,,202,,,0
HS,2017,201710,October 2017,6,1,1,Imports,826,United Kingdom,,528,Netherlands,,,,,,,,,950611,Skis; for snow,0,,,,,,1647,,108454,,,0
HS,2017,201709,September 2017,6,1,1,Imports,826,United Kingdom,,784,United Arab Emirates,,,,,,,,,950611,Skis; for snow,0,,,,,,5768,,357345,,,0
HS,2017,201709,September 2017,6,1,1,Imports,826,United Kingdom,,616,Poland,,,,,,,,,950611,Skis; for snow,0,,,,,,9,,290,,,0
HS,2017,201709,September 2017,6,1,1,Imports,826,United Kingdom,,528,Netherlands,,,,,,,,,950611,Skis; for snow,0,,,,,,974,,57696,,,0
HS,2017,201709,September 2017,6,1,1,Imports,826,United Kingdom,,203,Czech Rep.,,,,,,,,,950611,Skis; for snow,0,,,,,,8,,280,,,0
HS,2017,201710,October 2017,6,1,2,Exports,826,United Kingdom,,56,Belgium,,,,,,,,,950611,Skis; for snow,0,,,,,,40,,57,,,0
HS,2017,201710,October 2017,6,1,2,Exports,826,United Kingdom,,100,Bulgaria,,,,,,,,,950611,Skis; for snow,0,,,,,,8,,4,,,0
HS,2017,201710,October 2017,6,1,2,Exports,826,United Kingdom,,124,Canada,,,,,,,,,950611,Skis; for snow,0,,,,,,45,,3713,,,0
HS,2017,201710,October 2017,6,1,2,Exports,826,United Kingdom,,144,Sri Lanka,,,,,,,,,950611,Skis; for snow,0,,,,,,25,,2798,,,0
HS,2017,201710,October 2017,6,1,2,Exports,826,United Kingdom,,699,India,,,,,,,,,950611,Skis; for snow,0,,,,,,958,,19806,,,0
HS,2017,201710,October 2017,6,1,2,Exports,826,United Kingdom,,702,Singapore,,,,,,,,,950611,Skis; for snow,0,,,,,,85,,15673,,,0
HS,2017,201710,October 2017,6,1,2,Exports,826,United Kingdom,,705,Slovenia,,,,,,,,,950611,Skis; for snow,0,,,,,,10,,4,,,0
HS,2017,201710,October 2017,6,1,2,Exports,826,United Kingdom,,710,South Africa,,,,,,,,,950611,Skis; for snow,0,,,,,,18,,1220,,,0
HS,2017,201710,October 2017,6,1,2,Exports,826,United Kingdom,,392,Japan,,,,,,,,,950611,Skis; for snow,0,,,,,,86,,5610,,,0
HS,2017,201710,October 2017,6,1,2,Exports,826,United Kingdom,,428,Latvia,,,,,,,,,950611,Skis; for snow,0,,,,,,10,,12,,,0
HS,2017,201710,October 2017,6,1,2,Exports,826,United Kingdom,,757,Switzerland,,,,,,,,,950611,Skis; for snow,0,,,,,,358,,9967,,,0
HS,2017,201710,October 2017,6,1,2,Exports,826,United Kingdom,,490,"Other Asia, nes",,,,,,,,,950611,Skis; for snow,0,,,,,,20,,6746,,,0
HS,2017,201710,October 2017,6,1,2,Exports,826,United Kingdom,,579,Norway,,,,,,,,,950611,Skis; for snow,0,,,,,,1,,1178,,,0
HS,2017,201710,October 2017,6,1,2,Exports,826,United Kingdom,,554,New Zealand,,,,,,,,,950611,Skis; for snow,0,,,,,,3871,,22509,,,0
HS,2017,201710,October 2017,6,1,2,Exports,826,United Kingdom,,566,Nigeria,,,,,,,,,950611,Skis; for snow,0,,,,,,1150,,23167,,,0
HS,2017,201710,October 2017,6,1,2,Exports,826,United Kingdom,,784,United Arab Emirates,,,,,,,,,950611,Skis; for snow,0,,,,,,210,,6267,,,0
HS,2017,201710,October 2017,6,1,2,Exports,826,United Kingdom,,834,United Rep. of Tanzania,,,,,,,,,950611,Skis; for snow,0,,,,,,3000,,396,,,0
HS,2017,201710,October 2017,6,1,2,Exports,826,United Kingdom,,300,Greece,,,,,,,,,950611,Skis; for snow,0,,,,,,2,,1,,,0
HS,2017,201710,October 2017,6,1,2,Exports,826,United Kingdom,,344,"China, Hong Kong SAR",,,,,,,,,950611,Skis; for snow,0,,,,,,15,,2798,,,0
HS,2017,201709,September 2017,6,1,1,Imports,826,United Kingdom,,392,Japan,,,,,,,,,950611,Skis; for snow,0,,,,,,29,,4941,,,0
HS,2017,201709,September 2017,6,1,1,Imports,826,United Kingdom,,699,India,,,,,,,,,950611,Skis; for snow,0,,,,,,23,,3739,,,0
HS,2017,201709,September 2017,6,1,1,Imports,826,United Kingdom,,381,Italy,,,,,,,,,950611,Skis; for snow,0,,,,,,485,,34988,,,0
HS,2017,201709,September 2017,6,1,1,Imports,826,United Kingdom,,156,China,,,,,,,,,950611,Skis; for snow,0,,,,,,5089,,149915,,,0
HS,2017,201709,September 2017,6,1,1,Imports,826,United Kingdom,,276,Germany,,,,,,,,,950611,Skis; for snow,0,,,,,,5033,,151947,,,0
HS,2017,201709,September 2017,6,1,1,Imports,826,United Kingdom,,724,Spain,,,,,,,,,950611,Skis; for snow,0,,,,,,166,,4696,,,0
HS,2017,201709,September 2017,6,1,1,Imports,826,United Kingdom,,56,Belgium,,,,,,,,,950611,Skis; for snow,0,,,,,,2012,,86001,,,0
HS,2017,201709,September 2017,6,1,1,Imports,826,United Kingdom,,40,Austria,,,,,,,,,950611,Skis; for snow,0,,,,,,7831,,508324,,,0
HS,2017,201709,September 2017,6,1,1,Imports,826,United Kingdom,,251,France,,,,,,,,,950611,Skis; for snow,0,,,,,,18118,,881041,,,0
HS,2017,201709,September 2017,6,1,1,Imports,826,United Kingdom,,0,World,,,,,,,,,950611,Skis; for snow,0,,,,,,46032,,2265933,,,0
HS,2017,201709,September 2017,6,1,1,Imports,826,United Kingdom,,376,Israel,,,,,,,,,950611,Skis; for snow,0,,,,,,10,,5219,,,0
HS,2017,201709,September 2017,6,1,1,Imports,826,United Kingdom,,757,Switzerland,,,,,,,,,950611,Skis; for snow,0,,,,,,6,,2312,,,0
HS,2017,201709,September 2017,6,1,1,Imports,826,United Kingdom,,842,United States of America,,,,,,,,,950611,Skis; for snow,0,,,,,,471,,17199,,,0
HS,2017,201710,October 2017,6,1,2,Exports,826,United Kingdom,,203,Czech Rep.,,,,,,,,,950611,Skis; for snow,0,,,,,,16,,195,,,0
HS,2017,201710,October 2017,6,1,2,Exports,826,United Kingdom,,208,Denmark,,,,,,,,,950611,Skis; for snow,0,,,,,,11,,206,,,0
HS,2017,201710,October 2017,6,1,2,Exports,826,United Kingdom,,752,Sweden,,,,,,,,,950611,Skis; for snow,0,,,,,,1,,46,,,0
HS,2017,201710,October 2017,6,1,2,Exports,826,United Kingdom,,528,Netherlands,,,,,,,,,950611,Skis; for snow,0,,,,,,26,,425,,,0
HS,2017,201710,October 2017,6,1,2,Exports,826,United Kingdom,,440,Lithuania,,,,,,,,,950611,Skis; for snow,0,,,,,,232,,3016,,,0
HS,2017,201710,October 2017,6,1,2,Exports,826,United Kingdom,,36,Australia,,,,,,,,,950611,Skis; for snow,0,,,,,,149,,11595,,,0
HS,2017,201710,October 2017,6,1,2,Exports,826,United Kingdom,,616,Poland,,,,,,,,,950611,Skis; for snow,0,,,,,,36,,2235,,,0
HS,2017,201710,October 2017,6,1,2,Exports,826,United Kingdom,,620,Portugal,,,,,,,,,950611,Skis; for snow,0,,,,,,13,,118,,,0
HS,2017,201710,October 2017,6,1,2,Exports,826,United Kingdom,,191,Croatia,,,,,,,,,950611,Skis; for snow,0,,,,,,15,,383,,,0
HS,2017,201710,October 2017,6,1,2,Exports,826,United Kingdom,,40,Austria,,,,,,,,,950611,Skis; for snow,0,,,,,,20,,528,,,0
HS,2017,201710,October 2017,6,1,2,Exports,826,United Kingdom,,48,Bahrain,,,,,,,,,950611,Skis; for snow,0,,,,,,309,,6858,,,0
HS,2017,201710,October 2017,6,1,2,Exports,826,United Kingdom,,251,France,,,,,,,,,950611,Skis; for snow,0,,,,,,185,,2929,,,0
HS,2017,201710,October 2017,6,1,2,Exports,826,United Kingdom,,372,Ireland,,,,,,,,,950611,Skis; for snow,0,,,,,,139,,2267,,,0
HS,2017,201710,October 2017,6,1,2,Exports,826,United Kingdom,,276,Germany,,,,,,,,,950611,Skis; for snow,0,,,,,,167,,4694,,,0
HS,2017,201710,October 2017,6,1,2,Exports,826,United Kingdom,,0,World,,,,,,,,,950611,Skis; for snow,0,,,,,,14781,,220413,,,0
HS,2017,201710,October 2017,6,1,2,Exports,826,United Kingdom,,642,Romania,,,,,,,,,950611,Skis; for snow,0,,,,,,14,,132,,,0
HS,2017,201710,October 2017,6,1,2,Exports,826,United Kingdom,,643,Russian Federation,,,,,,,,,950611,Skis; for snow,0,,,,,,118,,9811,,,0
HS,2017,201710,October 2017,6,1,2,Exports,826,United Kingdom,,381,Italy,,,,,,,,,950611,Skis; for snow,0,,,,,,32,,869,,,0
HS,2017,201710,October 2017,6,1,2,Exports,826,United Kingdom,,724,Spain,,,,,,,,,950611,Skis; for snow,0,,,,,,96,,1393,,,0
HS,2017,201710,October 2017,6,1,2,Exports,826,United Kingdom,,842,United States of America,,,,,,,,,950611,Skis; for snow,0,,,,,,3290,,50786,,,0
HS,2017,201702,February 2017,6,1,1,Imports,826,United Kingdom,,616,Poland,,,,,,,,,950611,Skis; for snow,0,,,,,,74,,3603,,,0
